alias,nombre_canonico
Ale Galán,Alejandro Galan
Paquito Navarro,Francisco Navarro
Coki Nieto,Jorge Nieto
Alejandra Salazar,Alejandra Salazar Bengoechea
Aranzazu Osoro,Aranzazu Osoro Ulrich
Ariana Sanchez,Ariana Sanchez Fallada
Beatriz Gonzalez,Beatriz Gonzalez Fernandez
Blanca Arriola,Blanca Arriola Cerrejon
Carmen Goenaga,Carmen Goenaga Garcia
Claudia Fernandez,Claudia Fernandez Sanchez
Daiara Valenzuela,Daiara Agustina Valenzuela
Delfina Brea,Delfina Brea Senesi
Gemma Triay,Gemma Triay Pons
Jessica Castello,Jessica Castello Lopez
Julia Gomes Giusti,Julia Giusti Gomes
Julieta Bidahorria,Julieta Evangelina Bidahorria
Leonardo Iago Fuertes,Iago Fuertes Leonardo
Lucas Mañero Baeza,Lucas Mañero Cervo Baeza
Lucia Sainz,Lucia Sainz Pelegri
Marta Marrero Marrero,Marta Marrero
Marta Ortega,Marta Ortega Gallego
Naim Diaz,Naim Horacio Diaz
Patricia Llaguno,Patricia Llaguno Zielinski
Paula Josemaria,Paula Josemaria Martin
Radu Alice,Alice Radu
Rayan Abdulla,Rayan Abdulla Aljufairi
Sato Chifumi,Chifumi Sato
Sofia Piaskowy,Sofia Piaskowy Santos
Tamara Icardo,Tamara Icardo Alcorisa
Victoria Iglesias,Victoria Iglesias Segador
Marina Guinart España,Marina Guinart
Martina Fassio Goyenche,Martina Fassio Goyeneche
Lorena Vano Martin,Lorena Vano
Nerea Del Pino Guerra Santana,Nerea Guerra Santana
Paula Ferran Diaz,Paula Ferrán
Eduardo Alonso,Edu Alonso
Gonzalo Gabriel Alfonso,Gonzalo Alfonso
David Gala Sanchez,David Gala
Jose Jimenez Casas,Jose Jimenez
Pol Hernandez Alvarez,Pol Hernandez
Guillermo Collado Losada,Guillermo Collado
Francisco Manuel Gil,Francisco Gil
Ignacio Piotto Albornoz,Ignacio Piotto
Luis Hernandez Quesada,Luis Hernandez
Andres Fernandez Lancha,Andres Fdz Lancha
Maximiliano Arce Simo,Maximiliano Arce
Enzo Jensen Sirvent,Enzo Jensen
Aimar Goñi Lacabe,Aimar Goñi
Mario Huete Hernandez,Mario Huete
Daniel Santigosa Sastre,Daniel Santigosa
Emilio Sanchez Chamero,Emilio Sanchez
Manuel Castaño Salguero,Manuel Castaño
Ramiro Jesus Valenzuela,Ramiro Valenzuela
Mariano Agustin Gonzalez San Martin,Mariano Gonzalez
Leandro Augsburger,Leo Augsburger
Jeronimo Gonzalez,Momo Gonzalez
Leonel Daniel Aguirre,Tolito Aguirre
Alejandro Ruiz,Alex Ruiz
Carlos Daniel Gutierrez,Sanyo Gutierrez
Valentino Libaak,Tino Libaak
Eduardo Agustin Torre,Agustin Torre
Ignacio Vilariño Gestoso,Nacho Vilariño
Francisco Miguel Ramirez Navas,Fran Ramirez Navas
Maximiliano Sanchez Blasco,Maxi Sanchez Blasco
Maximiliano Sanchez,Maxi Sanchez
Alba Vazquez Garcia,Alba Vazquez Gracia
Uan Manuel Lasgoity,Juan Manuel Lasgoity
Alejandro Blanco Sollet,Alex Blanco Sollet
