sexo,posicion_f1,nombre_f1,nombre_f2,posicion_f2,confianza,motivo
F,95,Teresa Moriñigo Gomez,,,sin_candidato,
F,166,Jessica Marie Agra,Lisa-Marie Peleska,711,revisar,"apellido en común, apellido poco frecuente, posición a 545"
F,170,Daniela Catarina,,,sin_candidato,
F,199,Letizia Dell'Agnese,,,sin_candidato,
F,209,Laura Virginia Afonso Maas,Laura Afonso Maas,327,alta,"mismo nombre de pila, nombre contenido en el otro, apellido en común, apellido poco frecuente, posición a 118"
F,220,Mora Eshak,,,sin_candidato,
F,221,Mora Eshak,,,sin_candidato,
F,225,Chiara Giaquinta,,,sin_candidato,
F,230,Leyre Montañez Marco,,,sin_candidato,
F,236,Rodayna Fathy,,,sin_candidato,
F,248,Giulia Perusso Bettim,,,sin_candidato,
F,249,Sara Pereira Alvarez,Iara Filipa Pereira Rocha,340,revisar,"apellido en común, apellido poco frecuente, posición a 91, 2 candidatos"
F,249,Sara Pereira Alvarez,Daniela Ruiz Alvarez,,revisar,"apellido en común, apellido poco frecuente, sin posición en F2, 2 candidatos"
F,263,Isadora Siga Nunes,,,sin_candidato,
F,264,Candela Valverde,,,sin_candidato,
F,276,Maria Cristina Lopez Fuertes,,,sin_candidato,
F,294,Marianne Vandaele,,,sin_candidato,
F,297,Olena Kyrpot,,,sin_candidato,
F,299,Tetyana Dychka,,,sin_candidato,
F,305,Alenna Dawn Magpantay,,,sin_candidato,
F,309,Martina Rivera Serra,,,sin_candidato,
F,315,Maria Mayoral Estrada,,,sin_candidato,
F,328,Cristina Rodriguez Enrich,,,sin_candidato,
F,332,Laura Daniela Arciniegas,,,sin_candidato,
F,333,Paola Ciabattoni,,,sin_candidato,
F,341,Gaelle Rey,,,sin_candidato,
F,347,Maria Vasileidi,,,sin_candidato,
F,348,Laura Rijkers,,,sin_candidato,
F,354,Karen Micaela Gomez Gonazlez,,,sin_candidato,
F,355,Yusra Mohamed Hegy,Yasminah Mohamed,975,revisar,"apellido en común, apellido poco frecuente, posición a 620"
F,358,Maria De La Paz Hermida Vazquez,Eva Vázquez Gracia,613,revisar,"apellido en común, apellido poco frecuente, posición a 255, 2 candidatos, esta ficha de F2 sale para varias de F1"
F,358,Maria De La Paz Hermida Vazquez,Michelle Paz Coccio,,revisar,"apellido en común, apellido poco frecuente, sin posición en F2, 2 candidatos, esta ficha de F2 sale para varias de F1"
F,361,Maria De La Paz Hermida Vazquez,Eva Vázquez Gracia,613,revisar,"apellido en común, apellido poco frecuente, posición a 252, 2 candidatos, esta ficha de F2 sale para varias de F1"
F,361,Maria De La Paz Hermida Vazquez,Michelle Paz Coccio,,revisar,"apellido en común, apellido poco frecuente, sin posición en F2, 2 candidatos, esta ficha de F2 sale para varias de F1"
F,365,Elisa Guiraud,,,sin_candidato,
F,367,Anna-Blue Houareau,,,sin_candidato,
F,369,Elena Schiattelli,,,sin_candidato,
F,377,Cristina Musial Navarro,,,sin_candidato,
F,388,Paula Hoyos Miranda,,,sin_candidato,
F,391,Giulia Cascapera,,,sin_candidato,
F,392,Maria Mora Sanz,,,sin_candidato,
F,398,Paula Canivell Varona,,,sin_candidato,
F,399,Anna Tulenkova,,,sin_candidato,
F,400,Gabriela Andrade,,,sin_candidato,
F,402,Anna Tulenkova,,,sin_candidato,
F,403,Noha Amr,,,sin_candidato,
F,407,M M,,,sin_candidato,
F,413,Dalila Elshaer,,,sin_candidato,
F,415,Diana Toledo Jovani,,,sin_candidato,
F,417,Christina Smith,,,sin_candidato,
F,418,Ana Julia Acunha De Oliveira,Cristina Cirne Lima De Oliveira,,revisar,"apellido en común, apellido poco frecuente, sin posición en F2"
F,420,Yiyun Evian,,,sin_candidato,
F,421,Francesca Ana Floriani,,,sin_candidato,
F,422,Tatiana Correa,,,sin_candidato,
F,425,Céline François,,,sin_candidato,
F,427,Ariadna Suárez López,,,sin_candidato,
F,429,Maria Azul Llorens Gioda,,,sin_candidato,
F,431,Ieva Ceilutkaite,,,sin_candidato,
F,440,Araceli Muñoz Sanchez,,,sin_candidato,
F,441,Araceli Muñoz Sanchez,,,sin_candidato,
F,449,Elodie Naegellen,,,sin_candidato,
F,450,Jennifer Deguigne,,,sin_candidato,
F,451,Marina Cuadron Florez,,,sin_candidato,
F,460,Irache Sanchez Castillo,,,sin_candidato,
F,461,Sarah De Vleesschauwer,,,sin_candidato,
F,464,Emine Kutluca,,,sin_candidato,
F,465,Daniela Valiente Escrich,,,sin_candidato,
F,469,Nihal Cetinkaya,,,sin_candidato,
F,473,Ana Betina Magalhães Alves De Sousa,,,sin_candidato,
F,476,Marta Buendia,,,sin_candidato,
F,479,Siri Dandu,,,sin_candidato,
F,480,Padma Veda Manikonda,,,sin_candidato,
F,486,Alejandra Arcis Flores,,,sin_candidato,
F,488,Elvira Camacho Marente,,,sin_candidato,
F,491,Paula Bartolome San Valeriano,,,sin_candidato,
F,493,Irina Chernaya,,,sin_candidato,
F,495,Vittoria Giraldi,,,sin_candidato,
F,496,Olivia Morales Llorente,Clara De Los Santos Morales,1276,revisar,"apellido en común, apellido poco frecuente, posición a 780"
F,497,Amalia Bentjerodt Burgos,,,sin_candidato,
M,153,Miguel Benitez Lara,Miguel Benitez,157,alta,"mismo nombre de pila, nombre contenido en el otro, apellido en común, posición a 4"
M,211,Franco Renato Del Bianco,Franco Dal Bianco,92,alta,"mismo nombre de pila, apellido en común, apellido poco frecuente, posición a 119"
M,225,Vinny Nahuel Di Francesco Calderon,Vinny Nahuel Di Francesco,213,alta,"mismo nombre de pila, nombre contenido en el otro, apellido en común, apellido poco frecuente, posición a 12"
M,235,Zé Aleixandre Meireles,Zé Alexandre Meireles,286,alta,"mismo nombre de pila, apellido en común, apellido poco frecuente, posición a 51"
M,260,Pablo Cuesta Gomez,,,sin_candidato,
M,267,Nino Aweers,,,sin_candidato,
M,270,Steve Piernicola Stracquadaini,,,sin_candidato,
M,284,Lucas Cunha,Lucas Da Cunha,,alta,"mismo nombre de pila, nombre contenido en el otro, apellido en común, sin posición en F2"
M,299,Juan Ignacio Franco Rodriguez,Juan Ignacio Franco,281,alta,"mismo nombre de pila, nombre contenido en el otro, apellido en común, posición a 18"
M,314,Alejandro Prados,,,sin_candidato,
M,322,Marco Antonio Quereda Moreno,Marcos Moreno,1079,revisar,"mismo nombre de pila, apellido en común, posición a 757"
M,362,Nicolò Turchetti,,,sin_candidato,
M,363,Josep Aymerich Bellmunt,,,sin_candidato,
M,372,Jan Masferrer,,,sin_candidato,
M,377,Daniel Llorente Ruiz,,,sin_candidato,
M,391,Matteo Rosignana,,,sin_candidato,
M,396,Haruna Okunaga,,,sin_candidato,
M,398,Merlijn De Krom,,,sin_candidato,
M,407,Lorenzo Minighini,,,sin_candidato,
M,414,Antonis Asimakopoulos,,,sin_candidato,
M,417,Rayane Akram Hamou Bekhouche,Rayane Akram Hamou,385,alta,"mismo nombre de pila, nombre contenido en el otro, apellido en común, apellido poco frecuente, posición a 32"
M,425,Maciej Naduk,,,sin_candidato,
M,430,Gonzalo Camara Rodriguez,,,sin_candidato,
M,436,Mariano Cabrera,Beni Gomez Cabrera,2403,revisar,"apellido en común, apellido poco frecuente, posición a 1967"
M,442,Alessandro Tinti,,,sin_candidato,
M,445,Ids Hannema,,,sin_candidato,
M,455,Edu Altimires Ros,,,sin_candidato,
M,460,Alejandro Jimenez Juanas,,,sin_candidato,
M,461,Alejandro Jimenez Juanas,,,sin_candidato,
M,482,Guillermo Molina garcía-Muro,Guillermo Lozano García De Paredes,1226,revisar,"mismo nombre de pila, apellido en común, posición a 744"
M,486,Xavi Rodriguez Vila,,,sin_candidato,
M,488,Pablo Olmo Villa,Lucas Villa Gimenez,3294,revisar,"apellido en común, apellido poco frecuente, posición a 2806"
