fecha_dato,jugador_id,jugador_nombre,sexo,partidos_8sem,victorias_8sem,pct_victorias_8sem,racha_tipo,racha_n,fuente_txt,publicable
2026-09-28,Jb19fc68f15,Agueda Perez Ortiz,F,22,18,81.8,derrotas,1,padelapi.org · elaboración propia,True
2026-09-28,Jd763c527b4,Marta Caparros Maldonado,F,20,17,85.0,victorias,4,padelapi.org · elaboración propia,True
2026-09-28,J5fc53d9153,Gonzalo Alfonso,M,19,16,84.2,victorias,5,padelapi.org · elaboración propia,True
2026-09-28,J957fcb5137,Tino Libaak,M,19,16,84.2,victorias,5,padelapi.org · elaboración propia,True
2026-09-28,J69e2709040,Martina Parmigiani,F,19,13,68.4,derrotas,1,padelapi.org · elaboración propia,True
2026-09-28,Jc7e7f6afc3,Alex Ruiz,M,18,12,66.7,derrotas,1,padelapi.org · elaboración propia,True
2026-09-28,Jbc19eb72db,Virginia Riera,F,17,13,76.5,victorias,10,padelapi.org · elaboración propia,True
2026-09-28,J03644b2521,Jon Sanz,M,17,13,76.5,derrotas,1,padelapi.org · elaboración propia,True
2026-09-28,J98f60d4348,Lorena Rufo Ortiz,F,17,12,70.6,derrotas,1,padelapi.org · elaboración propia,True
2026-09-28,J5aa55d3ebb,Alex Chozas,M,17,12,70.6,derrotas,1,padelapi.org · elaboración propia,True
2026-09-28,Ja7ef7fd3cc,Daniel Santigosa,M,17,12,70.6,derrotas,1,padelapi.org · elaboración propia,True
2026-09-28,Jf7bcd83489,Jessica Castello Lopez,F,17,11,64.7,derrotas,1,padelapi.org · elaboración propia,True
2026-09-28,Jcfb7752c55,Juan Zamora Perez,M,16,13,81.2,derrotas,1,padelapi.org · elaboración propia,True
2026-09-28,Jd9fa981b55,Alba Perez Momha,F,16,12,75.0,derrotas,1,padelapi.org · elaboración propia,True
2026-09-28,Jb10d9aa8a7,Borja Trujillo Chang,M,16,12,75.0,derrotas,1,padelapi.org · elaboración propia,True
2026-09-28,J076ace699f,Marc Sintes Villalonga,M,16,11,68.8,derrotas,1,padelapi.org · elaboración propia,True
2026-09-28,J56d1b4390e,Lorena Vano,F,16,11,68.8,derrotas,1,padelapi.org · elaboración propia,True
2026-09-28,Jb87af1df79,Alvaro Cepero,M,16,10,62.5,derrotas,1,padelapi.org · elaboración propia,True
2026-09-28,J9560af4c28,Felipe Calleja,M,15,13,86.7,derrotas,1,padelapi.org · elaboración propia,True
2026-09-28,J66d1d4c075,Alejandro Galan,M,15,13,86.7,derrotas,1,padelapi.org · elaboración propia,True
2026-09-28,J0a8d738816,Federico Chingotto,M,15,13,86.7,derrotas,1,padelapi.org · elaboración propia,True
2026-09-28,J17b4d7d535,David Gala,M,15,12,80.0,victorias,10,padelapi.org · elaboración propia,True
2026-09-28,Jb261430dc0,Jaume Romera Barcelo,M,15,12,80.0,victorias,2,padelapi.org · elaboración propia,True
2026-09-28,J3966e75e7d,Franco Stupaczuk,M,15,11,73.3,derrotas,1,padelapi.org · elaboración propia,True
2026-09-28,Jc86618f5bb,Jorge Nieto,M,15,11,73.3,derrotas,1,padelapi.org · elaboración propia,True
2026-09-28,J3fbd535bb9,Marta Borrero,F,15,11,73.3,derrotas,1,padelapi.org · elaboración propia,True
2026-09-28,J7970a5b206,Eugenia Guimet Bigas,F,15,11,73.3,derrotas,1,padelapi.org · elaboración propia,True
2026-09-28,J5a87fed5cf,Sandra Bellver Fructuoso,F,15,9,60.0,derrotas,1,padelapi.org · elaboración propia,True
2026-09-28,Jd6a5776124,Federico Mouriño,M,15,9,60.0,derrotas,2,padelapi.org · elaboración propia,True
2026-09-28,Jdb188d98e2,Marc Quilez,M,15,9,60.0,derrotas,2,padelapi.org · elaboración propia,True
2026-09-28,J7ab2bc591f,Alix Collombon,F,15,9,60.0,derrotas,1,padelapi.org · elaboración propia,True
2026-09-28,J6f8b940dbb,Ksenia Sharifova,F,15,9,60.0,derrotas,1,padelapi.org · elaboración propia,True
2026-09-28,J22df6825b2,Julieta Evangelina Bidahorria,F,14,10,71.4,victorias,10,padelapi.org · elaboración propia,True
2026-09-28,J554e552e53,Enzo Jensen,M,14,10,71.4,derrotas,1,padelapi.org · elaboración propia,True
2026-09-28,Jd7c862dfb3,Jose Solano Marmolejo,M,14,10,71.4,victorias,4,padelapi.org · elaboración propia,True
2026-09-28,J5e722c78e0,Marcos Gonzalez Blanco,M,14,10,71.4,derrotas,1,padelapi.org · elaboración propia,True
2026-09-28,J0328c405ab,Sergio Icardo,M,14,10,71.4,derrotas,1,padelapi.org · elaboración propia,True
2026-09-28,Jb5dae7e68e,Juanlu Esbri,M,14,9,64.3,derrotas,1,padelapi.org · elaboración propia,True
2026-09-28,J9a0153a6ab,Inigo Jofre,M,14,9,64.3,derrotas,1,padelapi.org · elaboración propia,True
2026-09-28,Jc4223aa1d9,Marta Barrera De La Fuente,F,14,9,64.3,victorias,4,padelapi.org · elaboración propia,True
2026-09-28,Jd365378064,Alejandra Salazar Bengoechea,F,14,9,64.3,derrotas,1,padelapi.org · elaboración propia,True
2026-09-28,J4f8105ed8a,Teresa Navarro Lopez-Barajas,F,14,9,64.3,derrotas,1,padelapi.org · elaboración propia,True
2026-09-28,Jc15557af2d,Aranzazu Osoro Ulrich,F,14,9,64.3,derrotas,1,padelapi.org · elaboración propia,True
2026-09-28,J7c981678ab,Jana Montes Cabruja,F,14,9,64.3,victorias,4,padelapi.org · elaboración propia,True
2026-09-28,Jba0b848d33,Aimee Gibson,F,14,9,64.3,derrotas,1,padelapi.org · elaboración propia,True
2026-09-28,J6459f41772,Alba Gallardo Salvado,F,14,9,64.3,derrotas,1,padelapi.org · elaboración propia,True
2026-09-28,J2dcff75f4f,Agustin Tapia,M,13,12,92.3,victorias,5,padelapi.org · elaboración propia,True
2026-09-28,J3f488c4efa,Arturo Coello,M,13,12,92.3,victorias,5,padelapi.org · elaboración propia,True
2026-09-28,J481bcfd2f4,Carla Fernandez Gonzalez,F,13,9,69.2,derrotas,2,padelapi.org · elaboración propia,True
2026-09-28,J2494d567de,Nerea Guerra Santana,F,13,9,69.2,derrotas,2,padelapi.org · elaboración propia,True
2026-09-28,Jb052556244,Miguel Yanguas,M,13,9,69.2,derrotas,1,padelapi.org · elaboración propia,True
2026-09-28,J864f354a52,Martin Di Nenno,M,13,9,69.2,derrotas,1,padelapi.org · elaboración propia,True
2026-09-28,J2cd187e76c,Ramiro Valenzuela,M,13,9,69.2,derrotas,1,padelapi.org · elaboración propia,True
2026-09-28,Je0b951c9ea,Alvaro Montiel Caruso,M,13,9,69.2,derrotas,1,padelapi.org · elaboración propia,True
2026-09-28,Je644dc7be9,Juan Ignacio Rubini,M,13,9,69.2,derrotas,1,padelapi.org · elaboración propia,True
2026-09-28,J3e21f5447c,Camila Fassio Goyeneche,F,13,9,69.2,victorias,4,padelapi.org · elaboración propia,True
2026-09-28,J1ccf403805,Juan Ignacio De Pascual,M,13,8,61.5,derrotas,1,padelapi.org · elaboración propia,True
2026-09-28,J7d49be48b2,Javier Garcia,M,13,8,61.5,derrotas,1,padelapi.org · elaboración propia,True
2026-09-28,J33ae557fc2,Carmen Castillon Gamez,F,13,8,61.5,derrotas,1,padelapi.org · elaboración propia,True
2026-09-28,Jb6d38e9a09,Santiago Jose Pineda Cabello,M,13,7,53.8,derrotas,1,padelapi.org · elaboración propia,True
2026-09-28,J9580b42552,Liza Groenveld,F,13,7,53.8,derrotas,2,padelapi.org · elaboración propia,True
2026-09-28,J702f81a061,Pedro Araujo,M,12,10,83.3,derrotas,1,padelapi.org · elaboración propia,True
2026-09-28,J98c9eac792,Pedro Graca,M,12,10,83.3,derrotas,1,padelapi.org · elaboración propia,True
2026-09-28,J17a7ac4c1a,Mateo Alvarez,M,12,9,75.0,derrotas,1,padelapi.org · elaboración propia,True
2026-09-28,Ja42aee7256,Brittany Dubins,F,12,9,75.0,derrotas,1,padelapi.org · elaboración propia,True
2026-09-28,Jf7d577fa79,Camila Ramme Coellar,F,12,9,75.0,derrotas,1,padelapi.org · elaboración propia,True
2026-09-28,J94819af63c,Pepe Aliaga,M,12,9,75.0,derrotas,1,padelapi.org · elaboración propia,True
2026-09-28,J08eb6aca76,Franco Dal Bianco,M,12,8,66.7,derrotas,1,padelapi.org · elaboración propia,True
2026-09-28,Jc42e2cdf59,Helena Wyckaert,F,12,8,66.7,derrotas,1,padelapi.org · elaboración propia,True
2026-09-28,J139c18aa02,Tolito Aguirre,M,12,8,66.7,derrotas,1,padelapi.org · elaboración propia,True
2026-09-28,Jc7c102b375,Gonzalo Rubio,M,12,8,66.7,victorias,5,padelapi.org · elaboración propia,True
2026-09-28,Jf12457125e,Ignacio Archieri,M,12,8,66.7,derrotas,1,padelapi.org · elaboración propia,True
2026-09-28,J6b3c6a24d1,Pablo Sanchez Vicente,M,12,8,66.7,derrotas,1,padelapi.org · elaboración propia,True
2026-09-28,Jd1dcdeab4b,Elsa Terranova,F,12,8,66.7,derrotas,1,padelapi.org · elaboración propia,True
2026-09-28,Jdba7bf9004,Catarina Santos Domingos,F,12,8,66.7,derrotas,1,padelapi.org · elaboración propia,True
2026-09-28,Jbf09c9912c,Stephanie Weterings,F,12,7,58.3,derrotas,1,padelapi.org · elaboración propia,True
2026-09-28,J5eee28c5a2,Alonso Rodriguez Martinez,M,12,7,58.3,derrotas,1,padelapi.org · elaboración propia,True
2026-09-28,J5381924fed,Nuno Deus,M,12,7,58.3,derrotas,1,padelapi.org · elaboración propia,True
2026-09-28,J220847832f,Marina Lobo,F,12,7,58.3,derrotas,1,padelapi.org · elaboración propia,True
2026-09-28,J8e77989e76,Victoria Kurz,F,12,7,58.3,derrotas,1,padelapi.org · elaboración propia,True
2026-09-28,Jd550012536,Marta Arellano Navarro,F,12,7,58.3,derrotas,1,padelapi.org · elaboración propia,True
2026-09-28,Jb4c3135e41,Miguel Deus,M,12,7,58.3,derrotas,1,padelapi.org · elaboración propia,True
2026-09-28,J453f6bce43,Gemma Triay Pons,F,11,9,81.8,derrotas,1,padelapi.org · elaboración propia,True
2026-09-28,Jff6d3cf766,Delfina Brea Senesi,F,11,9,81.8,derrotas,1,padelapi.org · elaboración propia,True
2026-09-28,J33fad4cb39,Claudia Fernandez Sanchez,F,11,9,81.8,derrotas,1,padelapi.org · elaboración propia,True
2026-09-28,J1063047d41,Martina Calvo Santamaria,F,11,9,81.8,derrotas,1,padelapi.org · elaboración propia,True
2026-09-28,Jcc0712754f,Francisco Navarro,M,11,8,72.7,derrotas,1,padelapi.org · elaboración propia,True
2026-09-28,J4db2cceab3,Beatriz Caldera Sanchez,F,11,8,72.7,victorias,4,padelapi.org · elaboración propia,True
2026-09-28,J62d2c032e1,Carmen Goenaga Garcia,F,11,8,72.7,victorias,4,padelapi.org · elaboración propia,True
2026-09-28,J20c7a47bb1,Victoria Iglesias Segador,F,11,8,72.7,derrotas,1,padelapi.org · elaboración propia,True
2026-09-28,J542989ecc5,Lucia Martinez Gomez,F,11,8,72.7,victorias,4,padelapi.org · elaboración propia,True
2026-09-28,J7c0fe7ccc6,Ramiro Pereyra,M,11,8,72.7,victorias,4,padelapi.org · elaboración propia,True
2026-09-28,J557f9a8d46,Paula Ferrán,F,11,8,72.7,derrotas,1,padelapi.org · elaboración propia,True
2026-09-28,J1eaf117310,Alejandro Arroyo,M,11,7,63.6,derrotas,1,padelapi.org · elaboración propia,True
2026-09-28,J1bbe9fa09a,Jose Jimenez,M,11,7,63.6,derrotas,1,padelapi.org · elaboración propia,True
2026-09-28,J50955e1331,Marta Talavan,F,11,7,63.6,derrotas,1,padelapi.org · elaboración propia,True
2026-09-28,J9b9b122067,Maria Teresa Moriñigo Gomez,F,11,7,63.6,derrotas,1,padelapi.org · elaboración propia,True
2026-09-28,Jb17ecd69ac,Christian Medina Murphy,M,11,7,63.6,derrotas,1,padelapi.org · elaboración propia,True
2026-09-28,Ja88076e352,Alberto Garcia Jimenez,M,11,7,63.6,derrotas,1,padelapi.org · elaboración propia,True
2026-09-28,J319447ab0c,Thijs Roper,M,11,7,63.6,derrotas,1,padelapi.org · elaboración propia,True
2026-09-28,J5f753c7c80,Diego Dorta Diaz,M,11,7,63.6,derrotas,1,padelapi.org · elaboración propia,True
2026-09-28,Je9aa878b34,Momo Gonzalez,M,11,6,54.5,derrotas,2,padelapi.org · elaboración propia,True
2026-09-28,Jd464e7d76e,Pablo Lijo,M,11,6,54.5,derrotas,1,padelapi.org · elaboración propia,True
2026-09-28,J3ca24067a4,Lucas Campagnolo,M,11,6,54.5,derrotas,2,padelapi.org · elaboración propia,True
2026-09-28,J8bb6ff51a3,Francisco Gil,M,11,6,54.5,derrotas,1,padelapi.org · elaboración propia,True
2026-09-28,J9adcca9518,Diego Garcia Garcia,M,11,6,54.5,derrotas,2,padelapi.org · elaboración propia,True
2026-09-28,Jb9332e67b5,Antonio Luque,M,11,6,54.5,derrotas,1,padelapi.org · elaboración propia,True
2026-09-28,J0ef92ab381,Marcella Koek,F,11,5,45.5,derrotas,1,padelapi.org · elaboración propia,True
2026-09-28,J0bc6a3d8ab,Janine Hemmes,F,10,8,80.0,victorias,6,padelapi.org · elaboración propia,True
2026-09-28,J18715ac34f,Ariana Sanchez Fallada,F,10,8,80.0,victorias,4,padelapi.org · elaboración propia,True
2026-09-28,J887dfc4637,Andrea Ustero Prieto,F,10,8,80.0,victorias,4,padelapi.org · elaboración propia,True
2026-09-28,Je309552aaf,Miguel Morales Domenech,M,10,8,80.0,derrotas,1,padelapi.org · elaboración propia,True
2026-09-28,Jb00374b105,Maximiliano Arce,M,10,7,70.0,victorias,5,padelapi.org · elaboración propia,True
2026-09-28,Jb51fbc4724,Juan Lebron,M,10,7,70.0,derrotas,1,padelapi.org · elaboración propia,True
2026-09-28,Jb5a85c23c4,Leo Augsburger,M,10,7,70.0,derrotas,1,padelapi.org · elaboración propia,True
2026-09-28,J58eb0b527a,Sofia Araujo,F,10,7,70.0,derrotas,1,padelapi.org · elaboración propia,True
2026-09-28,J824a242f52,Marta Ortega Gallego,F,10,7,70.0,derrotas,1,padelapi.org · elaboración propia,True
2026-09-28,J779324a6f0,Antonio Fernandez,M,10,7,70.0,derrotas,1,padelapi.org · elaboración propia,True
2026-09-28,J1406e5e1bf,Raquel Piltcher,F,10,7,70.0,derrotas,1,padelapi.org · elaboración propia,True
2026-09-28,J9623ea5df6,Gustavo Nunes,M,10,7,70.0,victorias,3,padelapi.org · elaboración propia,True
2026-09-28,Jf270912291,Jordi Casanova Bataller,M,10,7,70.0,derrotas,1,padelapi.org · elaboración propia,True
2026-09-28,J910df21031,Christina-Styliani Ntanou,F,10,7,70.0,derrotas,1,padelapi.org · elaboración propia,True
2026-09-28,Je54caad4a4,Giorgia Rosi,F,10,7,70.0,derrotas,1,padelapi.org · elaboración propia,True
2026-09-28,Jc701a92c41,Jose Antonio Diestro,M,10,6,60.0,derrotas,1,padelapi.org · elaboración propia,True
2026-09-28,J2d11bea813,Vinny Nahuel Di Francesco,M,10,6,60.0,derrotas,1,padelapi.org · elaboración propia,True
2026-09-28,J0aa00b0cad,Lautaro Mambrini,M,10,6,60.0,derrotas,2,padelapi.org · elaboración propia,True
2026-09-28,Jf01fdfd06f,Matias Segura,M,10,6,60.0,derrotas,2,padelapi.org · elaboración propia,True
2026-09-28,Jfa2c5f1151,Martina Fassio Goyeneche,F,10,6,60.0,derrotas,1,padelapi.org · elaboración propia,True
2026-09-28,J5a04c3480e,Alejandra Alonso De Villa,F,10,6,60.0,derrotas,1,padelapi.org · elaboración propia,True
2026-09-28,Jd258277803,Jairo Bautista,M,10,6,60.0,derrotas,1,padelapi.org · elaboración propia,True
2026-09-28,J7ca1fe633f,Dylan Guichard,M,10,6,60.0,derrotas,1,padelapi.org · elaboración propia,True
2026-09-28,Jd226ed59b9,Amanda Lopez Moral,F,10,6,60.0,victorias,4,padelapi.org · elaboración propia,True
2026-09-28,J01fc387bb2,Clement Geens,M,10,6,60.0,derrotas,1,padelapi.org · elaboración propia,True
2026-09-28,J1f8dd55d55,Adrian Naranjo Martinez,M,10,6,60.0,derrotas,1,padelapi.org · elaboración propia,True
2026-09-28,J22a9ada165,Nacho Moragues Moltò,M,10,6,60.0,derrotas,2,padelapi.org · elaboración propia,True
2026-09-28,J664e8d5465,Ana Dominguez Gracia,F,10,5,50.0,derrotas,1,padelapi.org · elaboración propia,True
2026-09-28,J7d9773b689,Denis Tomas Perino,M,10,5,50.0,derrotas,3,padelapi.org · elaboración propia,True
2026-09-28,Ja394f8e8c7,Noe Navarro Porras,M,10,5,50.0,derrotas,2,padelapi.org · elaboración propia,True
2026-09-28,Jc66979ecb6,Hector Vazquez Lopez,M,10,5,50.0,derrotas,1,padelapi.org · elaboración propia,True
2026-09-28,J8047ca3362,Jimena Velasco Postiguillo,F,9,6,66.7,victorias,4,padelapi.org · elaboración propia,True
2026-09-28,J8c4ee6d30b,Raquel Eugenio Barrera,F,9,6,66.7,victorias,4,padelapi.org · elaboración propia,True
2026-09-28,J2fc77d0946,Beatriz Gonzalez Fernandez,F,9,6,66.7,derrotas,1,padelapi.org · elaboración propia,True
2026-09-28,J5ebf306496,Paula Josemaria Martin,F,9,6,66.7,derrotas,1,padelapi.org · elaboración propia,True
2026-09-28,Je4f541002b,Francisco Guerrero,M,9,6,66.7,victorias,4,padelapi.org · elaboración propia,True
2026-09-28,J5dfae7a361,Javier Leal,M,9,6,66.7,victorias,4,padelapi.org · elaboración propia,True
2026-09-28,J7ba22313b9,Alfonso Sanchez Arriaga,M,9,6,66.7,derrotas,1,padelapi.org · elaboración propia,True
2026-09-28,J3699267a4d,Joao Maria Caiano,M,9,6,66.7,derrotas,1,padelapi.org · elaboración propia,True
2026-09-28,J59c4690c23,Anna Ortiz Gasco,F,9,5,55.6,derrotas,1,padelapi.org · elaboración propia,True
2026-09-28,J0ee772b698,Francisco Cabeza Teres,M,9,5,55.6,derrotas,2,padelapi.org · elaboración propia,True
2026-09-28,Jf4442bd585,Edu Alonso,M,9,5,55.6,derrotas,1,padelapi.org · elaboración propia,True
2026-09-28,J0f2f57e2e9,Aimar Goñi,M,9,5,55.6,derrotas,1,padelapi.org · elaboración propia,True
2026-09-28,J0260addac2,Flavio Abbate,M,9,5,55.6,derrotas,1,padelapi.org · elaboración propia,True
2026-09-28,J061123ceeb,Aris Patiniotis,M,9,5,55.6,derrotas,2,padelapi.org · elaboración propia,True
2026-09-28,J42dbb65621,Barbara Las Heras,F,9,5,55.6,derrotas,1,padelapi.org · elaboración propia,True
2026-09-28,J1525778b53,Marie-Amélie Dardaine,F,9,5,55.6,derrotas,1,padelapi.org · elaboración propia,True
2026-09-28,J0c44656468,Clara Mansart,F,9,5,55.6,derrotas,1,padelapi.org · elaboración propia,True
2026-09-28,J1e78329e30,Lucia Perez Parra,F,9,5,55.6,derrotas,2,padelapi.org · elaboración propia,True
2026-09-28,Ja30a800420,Guillermo Collado,M,9,4,44.4,derrotas,1,padelapi.org · elaboración propia,True
2026-09-28,J8d31c4614f,Andres Fdz Lancha,M,9,4,44.4,derrotas,1,padelapi.org · elaboración propia,True
2026-09-28,J9676d11617,Albert Roglan Pons,M,9,4,44.4,derrotas,3,padelapi.org · elaboración propia,True
2026-09-28,Ja250815150,Manuel Aragon Herrera,M,9,4,44.4,derrotas,3,padelapi.org · elaboración propia,True
2026-09-28,J25b515b895,Maaike Betz,F,9,4,44.4,derrotas,2,padelapi.org · elaboración propia,True
2026-09-28,J7fb901f392,Francisco Maier,M,8,6,75.0,derrotas,1,padelapi.org · elaboración propia,True
2026-09-28,J94fe77006a,Nacho Vilariño,M,8,6,75.0,victorias,5,padelapi.org · elaboración propia,True
2026-09-28,J624bf6b2b1,Thomas Leygue,M,8,6,75.0,victorias,3,padelapi.org · elaboración propia,True
2026-09-28,Jdb94bff8e1,Anton Sans,M,8,6,75.0,victorias,3,padelapi.org · elaboración propia,True
2026-09-28,J5bb8c690ec,Angelina Neizvestnaya,F,8,6,75.0,derrotas,1,padelapi.org · elaboración propia,True
2026-09-28,J268abb47e4,Juan Pablo Dametto,M,8,5,62.5,derrotas,1,padelapi.org · elaboración propia,True
2026-09-28,J3a503d5c68,Emily Stellato,F,8,5,62.5,derrotas,2,padelapi.org · elaboración propia,True
2026-09-28,J6fd198fd3a,Giulia Sussarello,F,8,5,62.5,derrotas,2,padelapi.org · elaboración propia,True
2026-09-28,J4ed9611095,Marina Guinart,F,8,5,62.5,derrotas,1,padelapi.org · elaboración propia,True
2026-09-28,J915f4a7841,Sofia Saiz Vallejo,F,8,5,62.5,victorias,4,padelapi.org · elaboración propia,True
2026-09-28,Je895a77453,Luciano Capra,M,8,5,62.5,victorias,4,padelapi.org · elaboración propia,True
2026-09-28,J1bdcb6af3d,Lea Godallier,F,8,5,62.5,derrotas,1,padelapi.org · elaboración propia,True
2026-09-28,J57b0895b3c,Daiara Agustina Valenzuela,F,8,5,62.5,derrotas,1,padelapi.org · elaboración propia,True
2026-09-28,Jee49394d53,Mariano Gonzalez,M,8,5,62.5,derrotas,1,padelapi.org · elaboración propia,True
2026-09-28,J665420ae92,Pedro Perry,M,8,5,62.5,derrotas,1,padelapi.org · elaboración propia,True
2026-09-28,Jb0b5e955d4,Albin Olsson,M,8,5,62.5,derrotas,1,padelapi.org · elaboración propia,True
2026-09-28,J50f12470af,Blanca Arriola Cerrejon,F,8,5,62.5,derrotas,1,padelapi.org · elaboración propia,True
2026-09-28,J748e641379,Kevin Uriel Kviatkovski,M,8,5,62.5,derrotas,1,padelapi.org · elaboración propia,True
2026-09-28,J4f8032c07d,Ivo Andenmatten Gudiño,M,8,5,62.5,derrotas,1,padelapi.org · elaboración propia,True
2026-09-28,J951f941a81,Martina Vera Cebollero,F,8,5,62.5,derrotas,2,padelapi.org · elaboración propia,True
2026-09-28,Je2c1ee588f,Sten Richters,M,8,5,62.5,derrotas,1,padelapi.org · elaboración propia,True
2026-09-28,J362f991c86,Fabian Oviedo Berazategui,M,8,5,62.5,derrotas,1,padelapi.org · elaboración propia,True
2026-09-28,J1438dc732e,Ignacio Alonso Chillaron,M,8,5,62.5,derrotas,1,padelapi.org · elaboración propia,True
2026-09-28,Jfc519aa41a,Javier Barahona,M,8,4,50.0,derrotas,1,padelapi.org · elaboración propia,True
2026-09-28,Ja6c6dbc64b,Lucia Sainz Pelegri,F,8,4,50.0,derrotas,1,padelapi.org · elaboración propia,True
2026-09-28,J5317cb6765,Laura Lujan Rodriguez,F,8,4,50.0,victorias,1,padelapi.org · elaboración propia,True
2026-09-28,J497ef36d2c,Emilio Sanchez,M,8,4,50.0,derrotas,2,padelapi.org · elaboración propia,True
2026-09-28,J79b63df228,Merel Van Houten,F,8,3,37.5,derrotas,2,padelapi.org · elaboración propia,True
2026-09-28,J546ea69eaf,Joyce Nouws,F,8,3,37.5,derrotas,2,padelapi.org · elaboración propia,True
2026-09-28,J4c1c3082f8,Victor Ruiz,M,8,3,37.5,derrotas,1,padelapi.org · elaboración propia,True
2026-09-28,Je31d540de7,Enrique Goenaga,M,8,3,37.5,derrotas,1,padelapi.org · elaboración propia,True
2026-09-28,Jc23b872f9b,Javier Ruiz,M,8,3,37.5,derrotas,4,padelapi.org · elaboración propia,True
2026-09-28,Jc79d08502c,Ana Varo Ramos,F,8,3,37.5,derrotas,2,padelapi.org · elaboración propia,True
2026-09-28,J16ce864320,Constança Gorito,F,8,3,37.5,derrotas,1,padelapi.org · elaboración propia,True
2026-09-28,Jf28fbeb44d,Mafalda Marques Fernandes,F,8,3,37.5,derrotas,2,padelapi.org · elaboración propia,True
2026-09-28,J2c341b4fc7,Nora Leinus,F,8,3,37.5,derrotas,3,padelapi.org · elaboración propia,True
2026-09-28,Jaf1ce82cc7,Maria Laura Ferreyra,F,7,5,71.4,derrotas,1,padelapi.org · elaboración propia,True
2026-09-28,Jdfa81c12b1,Julia Polo Bautista,F,7,5,71.4,victorias,2,padelapi.org · elaboración propia,True
2026-09-28,J4ac166dfca,Letizia Maria Manquillo Alarza,F,7,5,71.4,victorias,4,padelapi.org · elaboración propia,True
2026-09-28,Jd0113d6b0e,Youp De Kroon,M,7,5,71.4,derrotas,1,padelapi.org · elaboración propia,True
2026-09-28,Jb63768c629,Julian Prins,M,7,5,71.4,derrotas,1,padelapi.org · elaboración propia,True
2026-09-28,J675ca1159d,Guillem Figuerola Santiago,M,7,5,71.4,derrotas,1,padelapi.org · elaboración propia,True
2026-09-28,J00575e6685,Marisol Fernandez Garcia,F,7,5,71.4,derrotas,1,padelapi.org · elaboración propia,True
2026-09-28,Jda1053da0d,Jimena Diaz De La Iglesia,F,7,5,71.4,derrotas,1,padelapi.org · elaboración propia,True
2026-09-28,Jab40c98640,Alba Vazquez Gracia,F,7,5,71.4,derrotas,1,padelapi.org · elaboración propia,True
2026-09-28,Je492d4755f,Facundo Rodrigo Luis Lopez,M,7,4,57.1,derrotas,1,padelapi.org · elaboración propia,True
2026-09-28,J70f2211226,Luis Hernandez,M,7,4,57.1,derrotas,1,padelapi.org · elaboración propia,True
2026-09-28,J59240cdf7c,Arnau Ayats,M,7,4,57.1,derrotas,1,padelapi.org · elaboración propia,True
2026-09-28,J0ce7daf580,Facundo Dominguez,M,7,4,57.1,derrotas,2,padelapi.org · elaboración propia,True
2026-09-28,Jd3cc94257a,Jose Luis Gonzalez,M,7,4,57.1,derrotas,2,padelapi.org · elaboración propia,True
2026-09-28,J985488a13e,Álvaro Melendez Amaya,M,7,4,57.1,derrotas,2,padelapi.org · elaboración propia,True
2026-09-28,J4f83800edd,Ignacio Piotto,M,7,4,57.1,derrotas,1,padelapi.org · elaboración propia,True
2026-09-28,Ja97d530eab,Maxi Sanchez,M,7,4,57.1,victorias,4,padelapi.org · elaboración propia,True
2026-09-28,J659a1869c5,Timeo Fonteny,M,7,4,57.1,derrotas,2,padelapi.org · elaboración propia,True
2026-09-28,Jd1ca52c8c4,Giulio Graziotti,M,7,4,57.1,derrotas,1,padelapi.org · elaboración propia,True
2026-09-28,J9e60c08c81,Samuel Rivas Garcia,M,7,4,57.1,derrotas,1,padelapi.org · elaboración propia,True
2026-09-28,Jd532bf9a06,Francisco Jurado Sosa,M,7,4,57.1,derrotas,1,padelapi.org · elaboración propia,True
2026-09-28,J83dccace48,Bentahor Espino Mustafa,M,7,4,57.1,derrotas,1,padelapi.org · elaboración propia,True
2026-09-28,Jab41f13990,Anastasiia Ryzhova,F,7,4,57.1,derrotas,1,padelapi.org · elaboración propia,True
2026-09-28,J6fd17759f0,Alvaro Lopez Luque,M,7,4,57.1,derrotas,1,padelapi.org · elaboración propia,True
2026-09-28,J914b89d1cf,Daniela Portilla Gomez,F,7,4,57.1,derrotas,1,padelapi.org · elaboración propia,True
2026-09-28,Jc1a78df13c,Claudia Ordoñez Romero,F,7,4,57.1,derrotas,1,padelapi.org · elaboración propia,True
2026-09-28,J8a75e0bf2b,Clarinha Santos,F,7,4,57.1,derrotas,1,padelapi.org · elaboración propia,True
2026-09-28,Je231a79043,Diogo Jesus,M,7,4,57.1,derrotas,1,padelapi.org · elaboración propia,True
2026-09-28,Jf9cd10b47e,Exequiel Mouriño,M,7,4,57.1,derrotas,2,padelapi.org · elaboración propia,True
2026-09-28,J4f80878399,Max Bjorkman,M,7,4,57.1,derrotas,1,padelapi.org · elaboración propia,True
2026-09-28,J1b710ca84f,Simon Yitbarek,M,7,4,57.1,derrotas,1,padelapi.org · elaboración propia,True
2026-09-28,Jb07c5f0529,Clarissa Aima,F,7,3,42.9,derrotas,3,padelapi.org · elaboración propia,True
2026-09-28,J57d012fc0b,Juan Tello,M,7,3,42.9,derrotas,1,padelapi.org · elaboración propia,True
2026-09-28,J39c4286d08,Noemi Aguilar Carrillo,F,7,3,42.9,derrotas,1,padelapi.org · elaboración propia,True
2026-09-28,Jffa0668f6e,Giulia Dal Pozzo,F,7,3,42.9,derrotas,1,padelapi.org · elaboración propia,True
2026-09-28,Jf88efe2641,Araceli Martinez,F,7,3,42.9,derrotas,1,padelapi.org · elaboración propia,True
2026-09-28,J78d3fb7ce2,Alejandro Calvo Perez,M,7,3,42.9,derrotas,1,padelapi.org · elaboración propia,True
2026-09-28,J761e669978,Guillermo Fernandez Sanchez,M,7,3,42.9,derrotas,3,padelapi.org · elaboración propia,True
2026-09-28,J7e8e684907,Alvaro Pozo Marroyo,M,7,3,42.9,derrotas,1,padelapi.org · elaboración propia,True
2026-09-28,J48a9e5b641,Alexandra Silva,F,7,3,42.9,derrotas,1,padelapi.org · elaboración propia,True
2026-09-28,J72f6cb6fd7,Melissa Martin,F,7,3,42.9,derrotas,1,padelapi.org · elaboración propia,True
2026-09-28,J3ea8e098e9,Tess De Vocht,F,7,2,28.6,derrotas,2,padelapi.org · elaboración propia,True
2026-09-28,J9cd21807bc,Bo Luttikhuis,F,6,6,100.0,victorias,6,padelapi.org · elaboración propia,True
2026-09-28,Jab638f0fb7,Martin Abud,M,6,5,83.3,derrotas,1,padelapi.org · elaboración propia,True
2026-09-28,Jbb0d99438a,Jesus Moya,M,6,5,83.3,victorias,3,padelapi.org · elaboración propia,True
2026-09-28,Jed48bce753,Thiago Pinto,M,6,4,66.7,derrotas,2,padelapi.org · elaboración propia,True
2026-09-28,Jdc11edfefe,Elyne Boeykens,F,6,4,66.7,derrotas,2,padelapi.org · elaboración propia,True
2026-09-28,Jdf0620bcdb,Justine Pysson,F,6,4,66.7,derrotas,2,padelapi.org · elaboración propia,True
2026-09-28,Jedaaaa96d1,Tamara Icardo Alcorisa,F,6,4,66.7,derrotas,1,padelapi.org · elaboración propia,True
2026-09-28,J03d496b53b,Claudia Jensen,F,6,4,66.7,derrotas,1,padelapi.org · elaboración propia,True
2026-09-28,J11274f659a,Adrian Ronco Lopez,M,6,4,66.7,derrotas,1,padelapi.org · elaboración propia,True
2026-09-28,J5fd1b1569e,Maria Portillo Perez,F,6,4,66.7,derrotas,2,padelapi.org · elaboración propia,True
2026-09-28,J6015336fcb,Marco Cassetta,M,6,4,66.7,derrotas,1,padelapi.org · elaboración propia,True
2026-09-28,J1b77e55d85,Monica Gomez Rivas,F,6,4,66.7,victorias,2,padelapi.org · elaboración propia,True
2026-09-28,Je658327917,Daria Kucheriavaia,F,6,4,66.7,derrotas,1,padelapi.org · elaboración propia,True
2026-09-28,Jcb342a1a19,Patricia Araus Lopez,F,6,4,66.7,derrotas,1,padelapi.org · elaboración propia,True
2026-09-28,J3475af7779,Alejandro Garcia Calahorro,M,6,4,66.7,derrotas,1,padelapi.org · elaboración propia,True
2026-09-28,J32857703f2,Carmen Azcoitia Mazo,F,6,4,66.7,derrotas,1,padelapi.org · elaboración propia,True
2026-09-28,J39c09d29a2,Matteo Sargolini,M,6,4,66.7,derrotas,1,padelapi.org · elaboración propia,True
2026-09-28,Jced9f732b8,Martina Minetti,F,6,4,66.7,derrotas,1,padelapi.org · elaboración propia,True
2026-09-28,J6d5637028d,Venise Chan,F,6,4,66.7,derrotas,1,padelapi.org · elaboración propia,True
2026-09-28,J3934f56272,Ainize Santamaria Landa,F,6,3,50.0,derrotas,3,padelapi.org · elaboración propia,True
2026-09-28,Jf33e254f11,Aida Martinez Sanjuan,F,6,3,50.0,derrotas,1,padelapi.org · elaboración propia,True
2026-09-28,J90d629a2d1,Natividad Lopez Diaz,F,6,3,50.0,derrotas,1,padelapi.org · elaboración propia,True
2026-09-28,Jcbe108be01,Mario Del Castillo,M,6,3,50.0,derrotas,1,padelapi.org · elaboración propia,True
2026-09-28,J6e9d5e3ab7,Patricia Llaguno Zielinski,F,6,3,50.0,derrotas,1,padelapi.org · elaboración propia,True
2026-09-28,J30dcba36de,Javier Martinez,M,6,3,50.0,derrotas,1,padelapi.org · elaboración propia,True
2026-09-28,J228fb9df2c,Maxi Sanchez Blasco,M,6,3,50.0,derrotas,1,padelapi.org · elaboración propia,True
2026-09-28,J71dafc1dee,Carolina Orsi,F,6,3,50.0,derrotas,1,padelapi.org · elaboración propia,True
2026-09-28,Ja45b0c41b8,Ariadna Cañellas Rodero,F,6,3,50.0,victorias,1,padelapi.org · elaboración propia,True
2026-09-28,J50829be4d2,Carla Rodriguez Sanchez,F,6,3,50.0,derrotas,1,padelapi.org · elaboración propia,True
2026-09-28,J0d4d9602c3,Aurora Buscaino,F,6,3,50.0,derrotas,1,padelapi.org · elaboración propia,True
2026-09-28,Jc74774aed4,Luna Di Battista,F,6,3,50.0,derrotas,1,padelapi.org · elaboración propia,True
2026-09-28,J51adf796d6,Camilla Livioni,F,6,3,50.0,derrotas,1,padelapi.org · elaboración propia,True
2026-09-28,J21f8226bc8,Cayetana Sanchez Vera,F,6,3,50.0,derrotas,1,padelapi.org · elaboración propia,True
2026-09-28,Ja1eb272fdb,Oscar Matias Almada,M,6,3,50.0,derrotas,1,padelapi.org · elaboración propia,True
2026-09-28,J71d547bea6,Juan Manuel Argañaras,M,6,3,50.0,derrotas,1,padelapi.org · elaboración propia,True
2026-09-28,J31146b1ec0,Lorena Alonso De Lera,F,6,3,50.0,derrotas,2,padelapi.org · elaboración propia,True
2026-09-28,Jbe7ef7b85e,Lucia Dionisio Laureano,F,6,3,50.0,derrotas,2,padelapi.org · elaboración propia,True
2026-09-28,J8e6ba438de,Octavio Alvarez,M,6,2,33.3,derrotas,2,padelapi.org · elaboración propia,True
2026-09-28,Jf7126db6ff,Camille Sireix,F,6,2,33.3,derrotas,2,padelapi.org · elaboración propia,True
2026-09-28,J8dc6db961d,Sanyo Gutierrez,M,6,2,33.3,derrotas,3,padelapi.org · elaboración propia,True
2026-09-28,J6f4fcb129b,Pol Hernandez,M,6,2,33.3,derrotas,1,padelapi.org · elaboración propia,True
2026-09-28,J07daf28cda,Claudia Escacena Montero,F,6,2,33.3,derrotas,1,padelapi.org · elaboración propia,True
2026-09-28,J63967edc91,Zé Alexandre Meireles,M,6,2,33.3,derrotas,1,padelapi.org · elaboración propia,True
2026-09-28,J8c587e3a72,Luciano Puppo,M,5,3,60.0,derrotas,1,padelapi.org · elaboración propia,True
2026-09-28,J8fd13671d0,Mirko Kloster,M,5,3,60.0,derrotas,1,padelapi.org · elaboración propia,True
2026-09-28,Jc427b386ce,Iago Fuertes Leonardo,M,5,3,60.0,derrotas,1,padelapi.org · elaboración propia,True
2026-09-28,J2f956ddb45,Letizia Manquillo Alarza,F,5,3,60.0,derrotas,1,padelapi.org · elaboración propia,True
2026-09-28,Ja122ce4ec0,Chloe De La Mare,F,5,3,60.0,derrotas,1,padelapi.org · elaboración propia,True
2026-09-28,Jdc819a4c00,Miguel Gonzalez,M,5,3,60.0,derrotas,1,padelapi.org · elaboración propia,True
2026-09-28,J73c3aeab37,Miguel Melero Bernal,M,5,3,60.0,derrotas,1,padelapi.org · elaboración propia,True
2026-09-28,Jdbe537a350,Willy Släryd,M,5,3,60.0,derrotas,1,padelapi.org · elaboración propia,True
2026-09-28,J8ebb304df6,Mar Munera Vila,F,5,3,60.0,derrotas,1,padelapi.org · elaboración propia,True
2026-09-28,J18e2ad006a,Argel Alexandro Albanes,M,5,3,60.0,derrotas,1,padelapi.org · elaboración propia,True
2026-09-28,Jfb45541463,Matias Emiliano Gutierrez C.,M,5,3,60.0,derrotas,1,padelapi.org · elaboración propia,True
2026-09-28,Jdf39647c70,Nicolas Crosio,M,5,3,60.0,derrotas,1,padelapi.org · elaboración propia,True
2026-09-28,J21508786d0,Maria Delgado Medina,F,5,3,60.0,derrotas,1,padelapi.org · elaboración propia,True
2026-09-28,J5f6b6f1112,Simone Vaccari,M,5,3,60.0,derrotas,1,padelapi.org · elaboración propia,True
2026-09-28,J5f48f4cc22,Maria Arteaga Vilches,F,5,3,60.0,derrotas,1,padelapi.org · elaboración propia,True
2026-09-28,J5d0ded472a,Cristobal Garcia Blanco,M,5,3,60.0,derrotas,2,padelapi.org · elaboración propia,True
2026-09-28,J4933405ffb,Ismael Maqueda Hidalgo,M,5,3,60.0,derrotas,1,padelapi.org · elaboración propia,True
2026-09-28,J7e896c6d38,Elena De La Rosa Ramos,F,5,3,60.0,derrotas,1,padelapi.org · elaboración propia,True
2026-09-28,J83612bc098,Julia Giusti Gomes,F,5,2,40.0,derrotas,1,padelapi.org · elaboración propia,True
2026-09-28,J6687bf4731,Juan Ignacio Franco,M,5,2,40.0,derrotas,1,padelapi.org · elaboración propia,True
2026-09-28,J1748c0edca,Veronica Virseda,F,5,2,40.0,derrotas,1,padelapi.org · elaboración propia,True
2026-09-28,Jfe61a3b0ad,Juan Cruz Belluati,M,5,2,40.0,derrotas,3,padelapi.org · elaboración propia,True
2026-09-28,J5abf1f22ae,Nuria Rodriguez,F,5,2,40.0,derrotas,1,padelapi.org · elaboración propia,True
2026-09-28,Jf8f7fa663a,Ana Catarina Nogueira,F,5,2,40.0,derrotas,1,padelapi.org · elaboración propia,True
2026-09-28,J8faea08e3e,Noa Canovas Paredes,F,5,2,40.0,derrotas,1,padelapi.org · elaboración propia,True
2026-09-28,J40e71ee46d,Maria Eulalia Rodriguez Abajo,F,5,2,40.0,derrotas,1,padelapi.org · elaboración propia,True
2026-09-28,J5c885e3a03,Giorgia Marchetti,F,5,2,40.0,derrotas,1,padelapi.org · elaboración propia,True
2026-09-28,J4cf1e11001,Lara Arruabarrena,F,5,2,40.0,derrotas,1,padelapi.org · elaboración propia,True
2026-09-28,J7e97af721a,Johan Bergeron,M,5,2,40.0,derrotas,1,padelapi.org · elaboración propia,True
2026-09-28,J4578eef982,Teodoro Zapata,M,5,2,40.0,derrotas,2,padelapi.org · elaboración propia,True
2026-09-28,J303a4487aa,Carla Mesa Salazar,F,5,2,40.0,derrotas,1,padelapi.org · elaboración propia,True
2026-09-28,J4a52af41f7,Ivet Val Lopez,F,5,2,40.0,derrotas,1,padelapi.org · elaboración propia,True
2026-09-28,J21a8398709,Sergio Tierno Herrero,M,5,2,40.0,derrotas,1,padelapi.org · elaboración propia,True
2026-09-28,Jb27000531c,Julien Seurin,M,5,2,40.0,derrotas,1,padelapi.org · elaboración propia,True
2026-09-28,J35fdf88b95,Patricia Maria Ribeiro,F,5,2,40.0,derrotas,2,padelapi.org · elaboración propia,True
2026-09-28,J36f39276c7,Michal Skonieczny,M,5,2,40.0,derrotas,2,padelapi.org · elaboración propia,True
2026-09-28,J12e0c38ca4,Marcos Cordoba,M,5,2,40.0,derrotas,1,padelapi.org · elaboración propia,True
2026-09-28,Jdae0375cc2,Leire Uriarte Medina,F,5,2,40.0,derrotas,1,padelapi.org · elaboración propia,True
2026-09-28,J186febc05b,Sergio Nieto Simon,M,5,2,40.0,derrotas,3,padelapi.org · elaboración propia,True
2026-09-28,Jca7c72a440,Douglas Rutgersson,M,5,2,40.0,derrotas,3,padelapi.org · elaboración propia,True
2026-09-28,J99a9751809,Helena Rousselet Novillo,F,5,2,40.0,derrotas,2,padelapi.org · elaboración propia,True
2026-09-28,J010c570229,Samuel Alos Boal,M,5,2,40.0,derrotas,2,padelapi.org · elaboración propia,True
2026-09-28,J4a621fc5dd,Lena Plümer,F,5,2,40.0,derrotas,3,padelapi.org · elaboración propia,True
2026-09-28,Ja366c4e78c,Katharina Hering,F,5,2,40.0,derrotas,3,padelapi.org · elaboración propia,True
2026-09-28,J67624c5d42,Sergio Esteban Barroso,M,5,2,40.0,derrotas,3,padelapi.org · elaboración propia,True
2026-09-28,J63202a9a38,Jake Bewley,M,5,2,40.0,derrotas,1,padelapi.org · elaboración propia,True
2026-09-28,Jd67d797893,Alex Blanco Sollet,M,5,2,40.0,derrotas,1,padelapi.org · elaboración propia,True
2026-09-28,Je54d1475e7,Manuel Sousa,M,5,2,40.0,derrotas,1,padelapi.org · elaboración propia,True
2026-09-28,J313547d912,Maria Garin,F,5,2,40.0,derrotas,1,padelapi.org · elaboración propia,True
2026-09-28,Jbcbfdc5649,Luisa Roque De Pinho,F,5,2,40.0,derrotas,1,padelapi.org · elaboración propia,True
2026-09-28,J7161ce5278,Maria Do Carmo Ribeiro,F,5,2,40.0,derrotas,1,padelapi.org · elaboración propia,True
2026-09-28,Jbab400dc77,Salvador Ferreira Nunes Foios Simões,M,5,2,40.0,derrotas,1,padelapi.org · elaboración propia,True
2026-09-28,J1a058e9cb4,Tiago Valério,M,5,2,40.0,derrotas,1,padelapi.org · elaboración propia,True
2026-09-28,Jfbc48e8dde,Maria Francisca Santos,F,5,2,40.0,derrotas,1,padelapi.org · elaboración propia,True
2026-09-28,J40dae00f59,Daniel Maldonado Fornieles,M,5,2,40.0,derrotas,1,padelapi.org · elaboración propia,True
2026-09-28,J1a4b40b17f,Fitriani Sabatini,M,5,2,40.0,derrotas,1,padelapi.org · elaboración propia,True
2026-09-28,J1fa541da56,Fadona Kusuma,M,5,2,40.0,derrotas,1,padelapi.org · elaboración propia,True
2026-09-28,J0a735b8fef,Caterina Maria Baldi,F,5,1,20.0,derrotas,3,padelapi.org · elaboración propia,True
2026-09-28,Ja33932413f,Rune Vierendeels,F,5,1,20.0,derrotas,3,padelapi.org · elaboración propia,True
2026-09-28,J9bdafce445,Manuel Castaño,M,5,1,20.0,derrotas,1,padelapi.org · elaboración propia,True
2026-09-28,Jc15c097110,Pablo Garcia Rodrigo,M,5,1,20.0,derrotas,2,padelapi.org · elaboración propia,True
2026-09-28,J672acea693,Mario Ortega,M,5,1,20.0,derrotas,1,padelapi.org · elaboración propia,True
2026-09-28,J9049d22525,José Enrique Giménez Barcelona,M,5,1,20.0,derrotas,1,padelapi.org · elaboración propia,True
2026-09-28,J8852bfabff,Nina Duernberger,F,5,1,20.0,derrotas,1,padelapi.org · elaboración propia,True
2026-09-28,J44c07b294a,Francesca Ligotti,F,5,1,20.0,derrotas,1,padelapi.org · elaboración propia,True
2026-09-28,J31871599ee,Abigail Tordoff,F,5,1,20.0,derrotas,4,padelapi.org · elaboración propia,True
2026-09-28,Je4ac71986b,Cristina Carrascosa Cazorla,F,4,4,100.0,victorias,4,padelapi.org · elaboración propia,True
2026-09-28,J52b077a020,Lucia Peralta Exposito,F,4,3,75.0,derrotas,1,padelapi.org · elaboración propia,True
2026-09-28,J22905b3875,Simone Iacovino,M,4,3,75.0,derrotas,1,padelapi.org · elaboración propia,True
2026-09-28,J520549cd9f,Jose Rico,M,4,3,75.0,derrotas,1,padelapi.org · elaboración propia,True
2026-09-28,J678b6eb1eb,Juan Cruz Forastello,M,4,3,75.0,derrotas,1,padelapi.org · elaboración propia,True
2026-09-28,J1ee02aa3b9,Nicolas Zurita,M,4,3,75.0,victorias,1,padelapi.org · elaboración propia,True
2026-09-28,J0dbba6f7f2,Aitana Garcia Roman,F,4,3,75.0,derrotas,1,padelapi.org · elaboración propia,True
2026-09-28,J051cb56285,Daniel Luna Peinado,M,4,3,75.0,derrotas,1,padelapi.org · elaboración propia,True
2026-09-28,J327aad6f70,Pablo Garcia,M,4,3,75.0,derrotas,1,padelapi.org · elaboración propia,True
2026-09-28,J08b802f0f6,Alvaro Bartolome Hernan,M,4,3,75.0,derrotas,1,padelapi.org · elaboración propia,True
2026-09-28,J16f4f73621,Sajad Zareianjahromi,M,4,3,75.0,derrotas,1,padelapi.org · elaboración propia,True
2026-09-28,Jb1a73fc7fd,Zahra Kahrizi,F,4,3,75.0,derrotas,1,padelapi.org · elaboración propia,True
2026-09-28,J173b5cb1de,Naim Horacio Diaz,M,4,2,50.0,derrotas,1,padelapi.org · elaboración propia,True
2026-09-28,J266bef51d7,Sofia Luini,F,4,2,50.0,derrotas,1,padelapi.org · elaboración propia,True
2026-09-28,Je2edb17cd1,Maria Belen Mosca,F,4,2,50.0,derrotas,1,padelapi.org · elaboración propia,True
2026-09-28,J115aff13b5,Arya Roghani,M,4,2,50.0,derrotas,1,padelapi.org · elaboración propia,True
2026-09-28,J3f573d4e21,Nicolas Cordoba,M,4,2,50.0,derrotas,1,padelapi.org · elaboración propia,True
2026-09-28,J3c87f713c9,Karlos Rodriguez Vidal,M,4,2,50.0,derrotas,1,padelapi.org · elaboración propia,True
2026-09-28,J0fccde925d,Michela Zaccagnini,F,4,2,50.0,victorias,1,padelapi.org · elaboración propia,True
2026-09-28,J76914fbaba,Joana Soares,F,4,2,50.0,derrotas,1,padelapi.org · elaboración propia,True
2026-09-28,J9899318622,Beatriz Ferreira,F,4,2,50.0,derrotas,1,padelapi.org · elaboración propia,True
2026-09-28,J8ede9594b9,Francisco Coirini,M,4,2,50.0,derrotas,1,padelapi.org · elaboración propia,True
2026-09-28,J625d48ddd3,Fernando Agustin Vega,M,4,2,50.0,derrotas,1,padelapi.org · elaboración propia,True
2026-09-28,J64d6f54981,Jose Alberto Funes Ontivero,M,4,2,50.0,derrotas,1,padelapi.org · elaboración propia,True
2026-09-28,J5a467fef88,Jose Pablo Padilla,M,4,2,50.0,derrotas,1,padelapi.org · elaboración propia,True
2026-09-28,Jecc76cade7,Matteo Platania,M,4,2,50.0,derrotas,1,padelapi.org · elaboración propia,True
2026-09-28,J68ea9a1bcb,Filippo Nicocia,M,4,2,50.0,derrotas,1,padelapi.org · elaboración propia,True
2026-09-28,Je98dccbd11,Giuseppe Fino,M,4,2,50.0,derrotas,1,padelapi.org · elaboración propia,True
2026-09-28,Ja9b105eeb6,Lorenzo Di Giovanni,M,4,2,50.0,derrotas,1,padelapi.org · elaboración propia,True
2026-09-28,J713611017a,Alina Yeroshenko,F,4,2,50.0,derrotas,1,padelapi.org · elaboración propia,True
2026-09-28,J1437016d54,Sandra Martinez Diaz,F,4,2,50.0,derrotas,2,padelapi.org · elaboración propia,True
2026-09-28,Jb46db04f42,Flavia Coppola,F,4,2,50.0,derrotas,1,padelapi.org · elaboración propia,True
2026-09-28,J70a13940c6,Pablo Hernan Barrera,M,4,2,50.0,derrotas,1,padelapi.org · elaboración propia,True
2026-09-28,Jbd5ee2f22a,Jaime Lobo Wordsworth,M,4,2,50.0,derrotas,1,padelapi.org · elaboración propia,True
2026-09-28,J2d732a3d0f,Pablo Pastor Landaburu,M,4,2,50.0,derrotas,2,padelapi.org · elaboración propia,True
2026-09-28,J21da859d90,Noe Sanchez Del Viejo,M,4,2,50.0,derrotas,1,padelapi.org · elaboración propia,True
2026-09-28,Jf0f9187a59,Vasco Pascoal,M,4,2,50.0,derrotas,2,padelapi.org · elaboración propia,True
2026-09-28,Jb49854a82b,Micaela Para,F,4,2,50.0,derrotas,1,padelapi.org · elaboración propia,True
2026-09-28,Jccb24e6b9f,Jessica Para,F,4,2,50.0,derrotas,1,padelapi.org · elaboración propia,True
2026-09-28,Je24eb7347c,Ainhoa Corrales Fernández,F,4,2,50.0,derrotas,1,padelapi.org · elaboración propia,True
2026-09-28,J87463ac8db,Alfonso Diaz Ponce,M,4,2,50.0,derrotas,2,padelapi.org · elaboración propia,True
2026-09-28,J0a9dfa9882,Bram Meijer,M,4,2,50.0,derrotas,1,padelapi.org · elaboración propia,True
2026-09-28,J1163e98546,Menno Nolten,M,4,2,50.0,derrotas,1,padelapi.org · elaboración propia,True
2026-09-28,Je208bcc370,Covadonga Verdejo Saiz,F,4,2,50.0,derrotas,1,padelapi.org · elaboración propia,True
2026-09-28,J796b7dee15,Ali Dawani,M,4,2,50.0,derrotas,1,padelapi.org · elaboración propia,True
2026-09-28,Jd42a002ee8,Marc Bernils Garcia,M,4,2,50.0,derrotas,1,padelapi.org · elaboración propia,True
2026-09-28,Jc43922d73d,Llum Martorell Gruwez,F,4,2,50.0,derrotas,1,padelapi.org · elaboración propia,True
2026-09-28,J0c75d5fe3b,Alise Cernecka,F,4,2,50.0,derrotas,2,padelapi.org · elaboración propia,True
2026-09-28,Je8f151565c,Nuria Molina Sanchez,F,4,2,50.0,derrotas,1,padelapi.org · elaboración propia,True
2026-09-28,J347d276a6d,Facundo Erguy,M,4,2,50.0,derrotas,1,padelapi.org · elaboración propia,True
2026-09-28,Jb5fd951fd6,Chun Wing Jennifer Sher,F,4,2,50.0,derrotas,1,padelapi.org · elaboración propia,True
2026-09-28,J3912ebc737,Feity Lesmana,F,4,2,50.0,derrotas,2,padelapi.org · elaboración propia,True
2026-09-28,Jed7ac1f685,Carla Serrano Gonzalez,F,4,2,50.0,derrotas,1,padelapi.org · elaboración propia,True
2026-09-28,Jd0734db8f5,Carlos Marti,M,4,2,50.0,derrotas,1,padelapi.org · elaboración propia,True
2026-09-28,J762e65f923,Sergio Arias Aznar,M,4,2,50.0,derrotas,1,padelapi.org · elaboración propia,True
2026-09-28,Jb7af87f530,Aaron Garcia Rubio,M,4,2,50.0,derrotas,1,padelapi.org · elaboración propia,True
2026-09-28,J05ef035f72,Daniel Blanco Dopazo,M,4,2,50.0,derrotas,1,padelapi.org · elaboración propia,True
2026-09-28,J0ecdcb9422,Nerea Gomez Blasquez,F,4,2,50.0,derrotas,1,padelapi.org · elaboración propia,True
2026-09-28,J53b0f72840,Andrea Batlle Achando,F,4,2,50.0,derrotas,1,padelapi.org · elaboración propia,True
2026-09-28,Jb7db9bba42,Blanca Puig Caballero,F,4,2,50.0,derrotas,1,padelapi.org · elaboración propia,True
2026-09-28,Ja391e7287c,Linn Poels,F,4,1,25.0,derrotas,3,padelapi.org · elaboración propia,True
2026-09-28,J6782a906c4,Agustin Torre,M,4,1,25.0,derrotas,1,padelapi.org · elaboración propia,True
2026-09-28,Jeab4bd7c8f,Carla Touly,F,4,1,25.0,derrotas,3,padelapi.org · elaboración propia,True
2026-09-28,J52d3756cd8,Louise Bahurel,F,4,1,25.0,derrotas,1,padelapi.org · elaboración propia,True
2026-09-28,Jb9d8d5938c,Steffi Merah,F,4,1,25.0,derrotas,2,padelapi.org · elaboración propia,True
2026-09-28,Ja1af1d3020,Lisa Rachel Phillips,F,4,1,25.0,derrotas,3,padelapi.org · elaboración propia,True
2026-09-28,J7ff7a14c9d,Joel Olivera Palos,M,4,1,25.0,derrotas,3,padelapi.org · elaboración propia,True
2026-09-28,J7cb98719bc,Alejandro Merino Nieto,M,4,1,25.0,derrotas,1,padelapi.org · elaboración propia,True
2026-09-28,Ja433b51215,Victor Tur Checa,M,4,1,25.0,derrotas,2,padelapi.org · elaboración propia,True
2026-09-28,Jc02386b563,Agustin Reca,M,4,1,25.0,derrotas,2,padelapi.org · elaboración propia,True
2026-09-28,J880734fead,Hami Golestan,M,4,1,25.0,derrotas,1,padelapi.org · elaboración propia,True
2026-09-28,Jd814d46d29,Bojana Jovanovic,F,4,1,25.0,derrotas,1,padelapi.org · elaboración propia,True
2026-09-28,Jd615c13182,Alice Radu,F,4,1,25.0,derrotas,3,padelapi.org · elaboración propia,True
2026-09-28,J9a5357d598,Bruna Albuquerque Melo,F,4,1,25.0,derrotas,3,padelapi.org · elaboración propia,True
2026-09-28,J80fb4ba655,Rosie Quirk,F,4,1,25.0,derrotas,2,padelapi.org · elaboración propia,True
2026-09-28,J66e6cce335,Michal Bartusek,M,4,1,25.0,derrotas,3,padelapi.org · elaboración propia,True
2026-09-28,J2a3360e90e,Gonzalo Sassano,M,4,1,25.0,derrotas,1,padelapi.org · elaboración propia,True
2026-09-28,Je41ebd7fab,Antonio Varo Ramos,M,4,1,25.0,derrotas,3,padelapi.org · elaboración propia,True
2026-09-28,J40fabd9fdf,Mateo Conte Gonzalez,M,4,1,25.0,derrotas,3,padelapi.org · elaboración propia,True
2026-09-28,Jbc946384ef,Jules Marie,M,4,1,25.0,derrotas,2,padelapi.org · elaboración propia,True
2026-09-28,J1e9530ba96,Daniela Catarino,F,4,1,25.0,derrotas,1,padelapi.org · elaboración propia,True
2026-09-28,Je96384b7ed,Paloma Albornoz,F,4,1,25.0,derrotas,2,padelapi.org · elaboración propia,True
2026-09-28,J628fa00eb2,Iara Filipa Pereira Rocha,F,4,1,25.0,derrotas,1,padelapi.org · elaboración propia,True
2026-09-28,J015c16f14d,Hugo Lorenzo Serrano,M,4,1,25.0,derrotas,3,padelapi.org · elaboración propia,True
2026-09-28,J98fefe5f5f,Florencia Lucila Berraz Vivas,F,4,1,25.0,derrotas,1,padelapi.org · elaboración propia,True
2026-09-28,Jbbfbf06e5e,Martim Silva,M,4,1,25.0,derrotas,1,padelapi.org · elaboración propia,True
2026-09-28,Jbba3eae9cd,Gabriel Morbey Basso,M,4,1,25.0,derrotas,1,padelapi.org · elaboración propia,True
2026-09-28,Jf47881326a,Maria Domingues Dos Reis Pascoal,F,4,1,25.0,derrotas,1,padelapi.org · elaboración propia,True
2026-09-28,J992452e082,Bruna Brayer Silva,F,4,1,25.0,derrotas,1,padelapi.org · elaboración propia,True
2026-09-28,J0766d83f42,Puck Bernard,F,4,0,0.0,derrotas,6,padelapi.org · elaboración propia,True
2026-09-28,Je87f67ed72,Javier Garrido,M,4,0,0.0,derrotas,5,padelapi.org · elaboración propia,True
2026-09-28,J7a579ee00a,Anna Schmid,F,4,0,0.0,derrotas,5,padelapi.org · elaboración propia,True
2026-09-28,J1ae80536eb,Laura Buteau,F,4,0,0.0,derrotas,7,padelapi.org · elaboración propia,True
2026-09-28,Jf2f7430dd2,Cristina Cirne,F,3,2,66.7,derrotas,1,padelapi.org · elaboración propia,True
2026-09-28,J2e61fdca97,Leonardo Yob,M,3,2,66.7,derrotas,1,padelapi.org · elaboración propia,True
2026-09-28,J75cda84ef1,Antonio Graupera,M,3,2,66.7,derrotas,1,padelapi.org · elaboración propia,True
2026-09-28,Jaa3eb56eb1,Santino Contreras,M,3,2,66.7,derrotas,1,padelapi.org · elaboración propia,True
2026-09-28,Ja3e0190b5c,Adam Axelsson,M,3,2,66.7,derrotas,1,padelapi.org · elaboración propia,True
2026-09-28,J7797c1334f,Javier Valdes,M,3,2,66.7,derrotas,1,padelapi.org · elaboración propia,True
2026-09-28,J7b2e4612f3,Miguel Benitez,M,3,2,66.7,derrotas,1,padelapi.org · elaboración propia,True
2026-09-28,J0be2ecb08e,Rodrigo Coello Manso,M,3,2,66.7,victorias,1,padelapi.org · elaboración propia,True
2026-09-28,J7d3bedc1b2,Natalia Molinilla Paniagua,F,3,2,66.7,derrotas,1,padelapi.org · elaboración propia,True
2026-09-28,J4ce4089ffb,Carlotta Casali,F,3,2,66.7,derrotas,1,padelapi.org · elaboración propia,True
2026-09-28,Jea832d73dc,David Esteban Esposito,M,3,2,66.7,derrotas,1,padelapi.org · elaboración propia,True
2026-09-28,J5470f734b4,Adrian Rodriguez,M,3,2,66.7,derrotas,1,padelapi.org · elaboración propia,True
2026-09-28,J14ca681a23,Amilcar Gaston Bejarano,M,3,2,66.7,derrotas,1,padelapi.org · elaboración propia,True
2026-09-28,J535ed9af05,Carlos Perez Cabeza,M,3,2,66.7,derrotas,1,padelapi.org · elaboración propia,True
2026-09-28,J94553dd00c,Yoshino Kushima,F,3,2,66.7,derrotas,1,padelapi.org · elaboración propia,True
2026-09-28,Jf76caf31ec,Roberto Belmont Pastor,M,3,2,66.7,derrotas,1,padelapi.org · elaboración propia,True
2026-09-28,Jea7aeb29d9,Gonçalo Costa Liberato,M,3,2,66.7,derrotas,1,padelapi.org · elaboración propia,True
2026-09-28,J00dc3e138a,Victoria Nicholas,F,3,2,66.7,derrotas,1,padelapi.org · elaboración propia,True
2026-09-28,J345bb5be9e,Juan Pedro Ramirez Ruiz,M,3,2,66.7,derrotas,1,padelapi.org · elaboración propia,True
2026-09-28,Jb55157d0ac,Javier Nuñez Lopez,M,3,2,66.7,derrotas,1,padelapi.org · elaboración propia,True
2026-09-28,J8df9a7fee3,Maria Rasmussen,F,3,2,66.7,derrotas,1,padelapi.org · elaboración propia,True
2026-09-28,J14cbf82db9,Arturo Miguel Hernando Nuñez,M,3,2,66.7,derrotas,1,padelapi.org · elaboración propia,True
2026-09-28,J8d78f055f1,Juan Carlos Gama Gonzalez,M,3,2,66.7,derrotas,1,padelapi.org · elaboración propia,True
2026-09-28,Jff18bc99e2,Yik Yan Law,F,3,2,66.7,derrotas,1,padelapi.org · elaboración propia,True
2026-09-28,J1fc2bb673d,Hiu Laam Chan,F,3,2,66.7,derrotas,1,padelapi.org · elaboración propia,True
2026-09-28,J94dac8f878,Hayano Natsuki,F,3,2,66.7,derrotas,1,padelapi.org · elaboración propia,True
2026-09-28,J2a769b1a48,Aleix Pozo Rius,M,3,1,33.3,derrotas,1,padelapi.org · elaboración propia,True
2026-09-28,Jbcbbe0dbd1,Miguel Lamperti,M,3,1,33.3,derrotas,2,padelapi.org · elaboración propia,True
2026-09-28,Jac2f21a542,Patricia Martinez Fortun,F,3,1,33.3,derrotas,1,padelapi.org · elaboración propia,True
2026-09-28,J06fd56d9c7,Louie Harris,M,3,1,33.3,derrotas,1,padelapi.org · elaboración propia,True
2026-09-28,J3d3c325ef5,Catherine Rose,F,3,1,33.3,derrotas,1,padelapi.org · elaboración propia,True
2026-09-28,J74f1053ee2,Sofia Gulnova,F,3,1,33.3,derrotas,1,padelapi.org · elaboración propia,True
2026-09-28,Jfacfd9e6e9,Sergi Guimet Bigas,M,3,1,33.3,derrotas,1,padelapi.org · elaboración propia,True
2026-09-28,J63e557b5b4,Enzo Chua,M,3,1,33.3,derrotas,2,padelapi.org · elaboración propia,True
2026-09-28,Jcf8c493a9d,Amir Mohamad Jamshidi,M,3,1,33.3,derrotas,2,padelapi.org · elaboración propia,True
2026-09-28,J23b6502e77,Matilde Minelli,F,3,1,33.3,derrotas,1,padelapi.org · elaboración propia,True
2026-09-28,J2bb0d660bd,Nathan Courrin,M,3,1,33.3,derrotas,1,padelapi.org · elaboración propia,True
2026-09-28,Jc7b8002d1d,Thomas Seux,M,3,1,33.3,derrotas,1,padelapi.org · elaboración propia,True
2026-09-28,J6189172727,Farsad Shahi,M,3,1,33.3,derrotas,2,padelapi.org · elaboración propia,True
2026-09-28,J39ab9b7995,Felicitas Darboure,F,3,1,33.3,derrotas,2,padelapi.org · elaboración propia,True
2026-09-28,Jb4ae80f61c,Giuditta Beltrami,F,3,1,33.3,derrotas,1,padelapi.org · elaboración propia,True
2026-09-28,Jf50ed7dc27,Vega Cano Ortin,F,3,1,33.3,derrotas,1,padelapi.org · elaboración propia,True
2026-09-28,J628291fd9c,Afonso Fazendeiro,M,3,1,33.3,derrotas,1,padelapi.org · elaboración propia,True
2026-09-28,J447fe0bc9e,Mauricio Garcia Villalobos,M,3,1,33.3,derrotas,2,padelapi.org · elaboración propia,True
2026-09-28,J7a03ca5f76,Diego Garcia Villalobos Blanco,M,3,1,33.3,derrotas,2,padelapi.org · elaboración propia,True
2026-09-28,J32cea73a55,Juan Pablo Castillo,M,3,1,33.3,derrotas,2,padelapi.org · elaboración propia,True
2026-09-28,J56cb9b116d,Gianluca Reynafe,M,3,1,33.3,derrotas,2,padelapi.org · elaboración propia,True
2026-09-28,J8d35a5c642,Oscar Diaz Jauregui,M,3,1,33.3,derrotas,1,padelapi.org · elaboración propia,True
2026-09-28,Jf446cb81e4,Ulises Martinez Avila,M,3,1,33.3,derrotas,1,padelapi.org · elaboración propia,True
2026-09-28,Jb848a83e93,Marcelo Vidaurreta Villanueva,M,3,1,33.3,derrotas,1,padelapi.org · elaboración propia,True
2026-09-28,J0b885b4be1,Laureano Martin Rey,M,3,1,33.3,derrotas,1,padelapi.org · elaboración propia,True
2026-09-28,J9a0179c85f,Ayrton Matias Szyszcyc,M,3,1,33.3,derrotas,1,padelapi.org · elaboración propia,True
2026-09-28,J8b309a30c3,Tobias Raffaele,M,3,1,33.3,derrotas,1,padelapi.org · elaboración propia,True
2026-09-28,J4e4faaf906,Diego Arredondo Garcia,M,3,1,33.3,derrotas,1,padelapi.org · elaboración propia,True
2026-09-28,J9662252777,Mario Alberto Yañez Tapia,M,3,1,33.3,derrotas,1,padelapi.org · elaboración propia,True
2026-09-28,J3eed251d9b,Jorge Rangel,M,3,1,33.3,derrotas,1,padelapi.org · elaboración propia,True
2026-09-28,Je8df4cbad4,Hector Dubuc,M,3,1,33.3,derrotas,1,padelapi.org · elaboración propia,True
2026-09-28,J61f43bee41,Federico Galli,M,3,1,33.3,derrotas,1,padelapi.org · elaboración propia,True
2026-09-28,J17cba9fd90,Laura Jackson,F,3,1,33.3,derrotas,1,padelapi.org · elaboración propia,True
2026-09-28,J31a58e89c8,Nicolas Peña Ruiz,M,3,1,33.3,derrotas,2,padelapi.org · elaboración propia,True
2026-09-28,J8782979053,Romain Sichez,M,3,1,33.3,derrotas,2,padelapi.org · elaboración propia,True
2026-09-28,Jc9c16c371b,Santino Nicocia,M,3,1,33.3,derrotas,2,padelapi.org · elaboración propia,True
2026-09-28,J7b2fb155b1,Gerardo Tafich Romo,M,3,1,33.3,derrotas,2,padelapi.org · elaboración propia,True
2026-09-28,Je0812fe252,Bryan Husin,M,3,1,33.3,derrotas,2,padelapi.org · elaboración propia,True
2026-09-28,J62dcbf2e47,Natalie Narkprasert,F,3,1,33.3,derrotas,2,padelapi.org · elaboración propia,True
2026-09-28,J616508443c,Bohou Zhang,M,3,1,33.3,derrotas,2,padelapi.org · elaboración propia,True
2026-09-28,J39940b008c,Karyn Emeralda,F,3,1,33.3,derrotas,1,padelapi.org · elaboración propia,True
2026-09-28,J68399d606e,Kwan Lam Vincent Chau,M,3,1,33.3,derrotas,2,padelapi.org · elaboración propia,True
2026-09-28,J4c055b23b4,Lucas Mañero Cervo Baeza,M,3,1,33.3,derrotas,2,padelapi.org · elaboración propia,True
2026-09-28,J15168a0a7c,Hiu Wai Lau,F,3,1,33.3,derrotas,1,padelapi.org · elaboración propia,True
2026-09-28,J580db364fa,Theodore Garton,M,3,1,33.3,derrotas,1,padelapi.org · elaboración propia,True
2026-09-28,J3328cadeec,Marco Remolina Pablo,M,3,1,33.3,derrotas,1,padelapi.org · elaboración propia,True
2026-09-28,J754833a4b8,Martim Solano,M,3,1,33.3,derrotas,2,padelapi.org · elaboración propia,True
2026-09-28,Ja5e719e92e,Simone Simas,F,3,1,33.3,derrotas,1,padelapi.org · elaboración propia,True
2026-09-28,J6bb8cb797a,Juan Jose Dominguez Cruz,M,3,1,33.3,derrotas,2,padelapi.org · elaboración propia,True
2026-09-28,J527888a759,Theo Suzanna,M,3,1,33.3,derrotas,1,padelapi.org · elaboración propia,True
2026-09-28,J5c83a6e1f5,Nathan Lambrechts,M,3,1,33.3,derrotas,1,padelapi.org · elaboración propia,True
2026-09-28,J46a7ff086a,Morena Nicole Suarez,F,3,1,33.3,derrotas,1,padelapi.org · elaboración propia,True
2026-09-28,Jcb185a8f17,Arthaud Dumoulin,M,3,1,33.3,derrotas,1,padelapi.org · elaboración propia,True
2026-09-28,Ja172aa846f,Victor Forsberg,M,3,1,33.3,derrotas,1,padelapi.org · elaboración propia,True
2026-09-28,J8b7eed3e71,Javier Garcia Caro,M,3,1,33.3,derrotas,1,padelapi.org · elaboración propia,True
2026-09-28,J3deb4c7598,Isak William Bäckman,M,3,1,33.3,derrotas,1,padelapi.org · elaboración propia,True
2026-09-28,J9d48b7400f,Maxime De Roose,M,3,1,33.3,derrotas,1,padelapi.org · elaboración propia,True
2026-09-28,J625d8bd6b4,Alvaro Velasco Palma,M,3,1,33.3,derrotas,2,padelapi.org · elaboración propia,True
2026-09-28,J7eea897a52,Mike Tanoso,M,3,1,33.3,derrotas,2,padelapi.org · elaboración propia,True
2026-09-28,Jb30a7d5e01,Lok Pui Lawrence Lo,M,3,1,33.3,derrotas,2,padelapi.org · elaboración propia,True
2026-09-28,J1111d5c914,Wing Chun Law,F,3,1,33.3,derrotas,1,padelapi.org · elaboración propia,True
2026-09-28,Jb7c843023f,Ignacio Tellez Rodriguez,M,3,1,33.3,derrotas,2,padelapi.org · elaboración propia,True
2026-09-28,Jfaab6df49f,Joa Takala,M,3,1,33.3,derrotas,1,padelapi.org · elaboración propia,True
2026-09-28,J2f47b657d5,Fiorella Agostina Propato San Martin,F,3,0,0.0,derrotas,4,padelapi.org · elaboración propia,True
2026-09-28,J6b600d4ca2,Emma Tromp,F,3,0,0.0,derrotas,3,padelapi.org · elaboración propia,True
2026-09-28,J22e56bf89b,Karin Marlies Lems,F,3,0,0.0,derrotas,7,padelapi.org · elaboración propia,True
2026-09-28,J3742613096,Moesha Van Leeuwen,F,3,0,0.0,derrotas,3,padelapi.org · elaboración propia,True
2026-09-28,J46732aee41,Lucas Bergamini,M,3,0,0.0,derrotas,4,padelapi.org · elaboración propia,True
2026-09-28,J641c068664,Santino Giuliani Lombardo,M,3,0,0.0,derrotas,4,padelapi.org · elaboración propia,True
2026-09-28,J6bb9c16ddf,Jeremy Robert,M,3,0,0.0,derrotas,4,padelapi.org · elaboración propia,True
2026-09-28,J7b154b4aa4,Varvara Popova,F,3,0,0.0,derrotas,4,padelapi.org · elaboración propia,True
2026-09-28,Jac7f7bc8c2,Giulia Pisano,F,3,0,0.0,derrotas,4,padelapi.org · elaboración propia,True
2026-09-28,Jb8b2a8627e,Nura Padilla Tomasa,F,3,0,0.0,derrotas,3,padelapi.org · elaboración propia,True
2026-09-28,J20631211c9,Noa Haddad,F,3,0,0.0,derrotas,3,padelapi.org · elaboración propia,True
2026-09-28,J35af7e9e6e,Jorrit Hazebroek,M,3,0,0.0,derrotas,7,padelapi.org · elaboración propia,True
2026-09-28,J7cfaf2ec17,Benjamin Dufour,M,3,0,0.0,derrotas,7,padelapi.org · elaboración propia,True
2026-09-28,Jc13f82d0ec,Plinio Ferrao,M,3,0,0.0,derrotas,4,padelapi.org · elaboración propia,True
2026-09-28,J53e0c00dce,Bernardo Tavares,M,3,0,0.0,derrotas,6,padelapi.org · elaboración propia,True
2026-09-28,J819ce065a4,Patricia Roman Aldea,F,3,0,0.0,derrotas,3,padelapi.org · elaboración propia,True
2026-09-28,Jb4cf1b48f5,Henrique Brazão,M,3,0,0.0,derrotas,4,padelapi.org · elaboración propia,True
2026-09-28,J9c29fc9996,Henrique Orge,M,3,0,0.0,derrotas,4,padelapi.org · elaboración propia,True
2026-09-28,J63a5493627,Fabio Da Costa Araujo,M,3,0,0.0,derrotas,6,padelapi.org · elaboración propia,True
2026-09-28,J81e6a8fc34,Zè Pedro Ferreira,M,3,0,0.0,derrotas,7,padelapi.org · elaboración propia,True
2026-09-28,J9596f8a2a9,Carina Costa,F,3,0,0.0,derrotas,7,padelapi.org · elaboración propia,True
2026-09-28,Jf54b2ad903,Carolina Martinho Santos,F,3,0,0.0,derrotas,4,padelapi.org · elaboración propia,True
2026-09-28,J410b622ca6,Carmen Villar Gonzalez,F,3,0,0.0,derrotas,6,padelapi.org · elaboración propia,True
2026-09-28,Je935d9da74,Noemi Sermant,F,3,0,0.0,derrotas,5,padelapi.org · elaboración propia,True
