pareja_1,pareja_2,categoria,victorias_pareja_1,victorias_pareja_2,total_enfrentamientos,ultimo_enfrentamiento,fuente_txt,publicable
Federico Chingotto / Alejandro Galan,Agustin Tapia / Arturo Coello,men,3,6,9,2026-09-13,padelapi.org · elaboración propia,True
Beatriz Gonzalez Fernandez / Paula Josemaria Martin,Gemma Triay Pons / Delfina Brea Senesi,women,5,3,8,2026-09-06,padelapi.org · elaboración propia,True
Agustin Tapia / Arturo Coello,Juan Lebron / Leo Augsburger,men,6,1,7,2026-09-12,padelapi.org · elaboración propia,True
Ariana Sanchez Fallada / Andrea Ustero Prieto,Gemma Triay Pons / Delfina Brea Senesi,women,2,5,7,2026-09-05,padelapi.org · elaboración propia,True
Claudia Jensen / Tamara Icardo Alcorisa,Gemma Triay Pons / Delfina Brea Senesi,women,1,5,6,2026-07-31,padelapi.org · elaboración propia,True
Federico Chingotto / Alejandro Galan,Juan Lebron / Leo Augsburger,men,4,2,6,2026-08-08,padelapi.org · elaboración propia,True
Ariana Sanchez Fallada / Andrea Ustero Prieto,Beatriz Gonzalez Fernandez / Paula Josemaria Martin,women,1,4,5,2026-06-28,padelapi.org · elaboración propia,True
Martina Calvo Santamaria / Marta Ortega Gallego,Claudia Fernandez Sanchez / Sofia Araujo,women,2,2,4,2026-07-17,padelapi.org · elaboración propia,True
Ariana Sanchez Fallada / Andrea Ustero Prieto,Beatriz Caldera Sanchez / Carmen Goenaga Garcia,women,4,0,4,2026-08-07,padelapi.org · elaboración propia,True
Claudia Jensen / Tamara Icardo Alcorisa,Ariana Sanchez Fallada / Andrea Ustero Prieto,women,1,3,4,2026-09-04,padelapi.org · elaboración propia,True
Martina Calvo Santamaria / Marta Ortega Gallego,Beatriz Gonzalez Fernandez / Paula Josemaria Martin,women,1,3,4,2026-06-12,padelapi.org · elaboración propia,True
Federico Chingotto / Alejandro Galan,Juan Tello / Maximiliano Arce,men,4,0,4,2026-07-31,padelapi.org · elaboración propia,True
Gemma Triay Pons / Delfina Brea Senesi,Nuria Rodriguez / Giulia Dal Pozzo,women,4,0,4,2026-09-10,padelapi.org · elaboración propia,True
Federico Chingotto / Alejandro Galan,Franco Stupaczuk / Miguel Yanguas,men,3,0,3,2026-07-04,padelapi.org · elaboración propia,True
Jon Sanz / Jorge Nieto,Juan Lebron / Leo Augsburger,men,0,3,3,2026-08-07,padelapi.org · elaboración propia,True
Tolito Aguirre / Alejandro Arroyo,Agustin Tapia / Arturo Coello,men,0,3,3,2026-07-16,padelapi.org · elaboración propia,True
Federico Chingotto / Alejandro Galan,Alex Chozas / Tino Libaak,men,3,0,3,2026-06-11,padelapi.org · elaboración propia,True
Veronica Virseda / Marina Guinart,Lorena Rufo Ortiz / Jessica Castello Lopez,women,2,1,3,2026-05-28,padelapi.org · elaboración propia,True
Jon Sanz / Jorge Nieto,Federico Chingotto / Alejandro Galan,men,0,3,3,2026-07-03,padelapi.org · elaboración propia,True
Veronica Virseda / Marina Guinart,Gemma Triay Pons / Delfina Brea Senesi,women,0,3,3,2026-07-03,padelapi.org · elaboración propia,True
Beatriz Gonzalez Fernandez / Paula Josemaria Martin,Beatriz Caldera Sanchez / Carmen Goenaga Garcia,women,3,0,3,2026-07-17,padelapi.org · elaboración propia,True
David Gala / Inigo Jofre,Maxi Sanchez Blasco / Jose Antonio Diestro,men,0,3,3,2026-05-12,padelapi.org · elaboración propia,True
Agustin Tapia / Arturo Coello,Franco Stupaczuk / Miguel Yanguas,men,3,0,3,2026-06-13,padelapi.org · elaboración propia,True
Jon Sanz / Jorge Nieto,Agustin Tapia / Arturo Coello,men,0,3,3,2026-06-12,padelapi.org · elaboración propia,True
Alejandra Alonso De Villa / Alejandra Salazar Bengoechea,Nuria Rodriguez / Giulia Dal Pozzo,women,1,2,3,2026-06-26,padelapi.org · elaboración propia,True
Claudia Jensen / Tamara Icardo Alcorisa,Claudia Fernandez Sanchez / Sofia Araujo,women,1,2,3,2026-07-03,padelapi.org · elaboración propia,True
Aimar Goñi / Edu Alonso,Agustin Tapia / Arturo Coello,men,0,3,3,2026-07-30,padelapi.org · elaboración propia,True
Javier Martinez / Luis Hernandez,Ignacio Piotto / Jose Antonio Diestro,men,2,1,3,2026-06-23,padelapi.org · elaboración propia,True
Laura Lujan Rodriguez / Araceli Martinez,Nuria Rodriguez / Giulia Dal Pozzo,women,1,2,3,2026-07-15,padelapi.org · elaboración propia,True
Victoria Iglesias Segador / Aranzazu Osoro Ulrich,Patricia Llaguno Zielinski / Carolina Orsi,women,1,2,3,2026-06-19,padelapi.org · elaboración propia,True
Federico Chingotto / Alejandro Galan,Javier Leal / Francisco Guerrero,men,3,0,3,2026-08-02,padelapi.org · elaboración propia,True
Federico Chingotto / Alejandro Galan,Martin Di Nenno / Francisco Navarro,men,3,0,3,2026-09-12,padelapi.org · elaboración propia,True
Agustin Tapia / Arturo Coello,Martin Di Nenno / Francisco Navarro,men,3,0,3,2026-08-08,padelapi.org · elaboración propia,True
Beatriz Gonzalez Fernandez / Paula Josemaria Martin,Marta Talavan / Jessica Castello Lopez,women,3,0,3,2026-08-07,padelapi.org · elaboración propia,True
Beatriz Caldera Sanchez / Carmen Goenaga Garcia,Aranzazu Osoro Ulrich / Alejandra Salazar Bengoechea,women,2,1,3,2026-09-10,padelapi.org · elaboración propia,True
Martina Calvo Santamaria / Claudia Fernandez Sanchez,Gemma Triay Pons / Delfina Brea Senesi,women,2,1,3,2026-09-12,padelapi.org · elaboración propia,True
Martina Calvo Santamaria / Claudia Fernandez Sanchez,Beatriz Gonzalez Fernandez / Paula Josemaria Martin,women,2,1,3,2026-09-05,padelapi.org · elaboración propia,True
Franco Dal Bianco / Facundo Rodrigo Luis Lopez,Jose Jimenez / Alejandro Arroyo,men,0,2,2,2026-09-18,padelapi.org · elaboración propia,True
Claudia Fernandez Sanchez / Sofia Araujo,Gemma Triay Pons / Delfina Brea Senesi,women,0,2,2,2026-05-16,padelapi.org · elaboración propia,True
Beatriz Caldera Sanchez / Carmen Goenaga Garcia,Alejandra Alonso De Villa / Alejandra Salazar Bengoechea,women,2,0,2,2026-04-15,padelapi.org · elaboración propia,True
Victoria Iglesias Segador / Aranzazu Osoro Ulrich,Beatriz Caldera Sanchez / Carmen Goenaga Garcia,women,1,1,2,2026-05-13,padelapi.org · elaboración propia,True
Martina Calvo Santamaria / Marta Ortega Gallego,Gemma Triay Pons / Delfina Brea Senesi,women,0,2,2,2026-07-18,padelapi.org · elaboración propia,True
Jon Sanz / Jorge Nieto,Juanlu Esbri / Alex Ruiz,men,2,0,2,2026-07-02,padelapi.org · elaboración propia,True
Maxi Sanchez Blasco / Jose Antonio Diestro,Franco Stupaczuk / Miguel Yanguas,men,0,2,2,2026-05-07,padelapi.org · elaboración propia,True
Veronica Virseda / Marina Guinart,Nuria Rodriguez / Giulia Dal Pozzo,women,2,0,2,2026-05-29,padelapi.org · elaboración propia,True
Victoria Iglesias Segador / Aranzazu Osoro Ulrich,Beatriz Gonzalez Fernandez / Paula Josemaria Martin,women,0,2,2,2026-06-25,padelapi.org · elaboración propia,True
Julieta Evangelina Bidahorria / Marta Caparros Maldonado,Lorena Rufo Ortiz / Jessica Castello Lopez,women,0,2,2,2026-05-24,padelapi.org · elaboración propia,True
Jose Jimenez / Javier Garcia,Martin Di Nenno / Momo Gonzalez,men,2,0,2,2026-05-14,padelapi.org · elaboración propia,True
Beatriz Gonzalez Fernandez / Paula Josemaria Martin,Claudia Fernandez Sanchez / Sofia Araujo,women,2,0,2,2026-05-09,padelapi.org · elaboración propia,True
Gemma Triay Pons / Delfina Brea Senesi,Alejandra Alonso De Villa / Alejandra Salazar Bengoechea,women,2,0,2,2026-05-08,padelapi.org · elaboración propia,True
Pol Hernandez / Guillermo Collado,Juan Lebron / Leo Augsburger,men,0,2,2,2026-06-25,padelapi.org · elaboración propia,True
Claudia Jensen / Tamara Icardo Alcorisa,Victoria Iglesias Segador / Aranzazu Osoro Ulrich,women,2,0,2,2026-07-02,padelapi.org · elaboración propia,True
Jon Sanz / Jorge Nieto,Alex Chozas / Tino Libaak,men,2,0,2,2026-05-07,padelapi.org · elaboración propia,True
Lucia Martinez Gomez / Agueda Perez Ortiz,Raquel Eugenio Barrera / Martina Fassio Goyeneche,women,0,2,2,2026-05-03,padelapi.org · elaboración propia,True
Juan Tello / Maximiliano Arce,Francisco Navarro / Francisco Guerrero,men,1,1,2,2026-05-05,padelapi.org · elaboración propia,True
Jose Jimenez / Javier Garcia,Juanlu Esbri / Alex Ruiz,men,0,2,2,2026-06-30,padelapi.org · elaboración propia,True
Agustin Tapia / Arturo Coello,Lucas Campagnolo / Jairo Bautista,men,2,0,2,2026-05-15,padelapi.org · elaboración propia,True
Jose Jimenez / Javier Garcia,Franco Stupaczuk / Miguel Yanguas,men,0,2,2,2026-06-11,padelapi.org · elaboración propia,True
Julieta Evangelina Bidahorria / Marta Caparros Maldonado,Lucia Martinez Gomez / Agueda Perez Ortiz,women,0,2,2,2026-08-04,padelapi.org · elaboración propia,True
Claudia Jensen / Tamara Icardo Alcorisa,Nuria Rodriguez / Giulia Dal Pozzo,women,2,0,2,2026-05-14,padelapi.org · elaboración propia,True
Ariana Sanchez Fallada / Andrea Ustero Prieto,Lorena Rufo Ortiz / Jessica Castello Lopez,women,2,0,2,2026-06-25,padelapi.org · elaboración propia,True
Victoria Iglesias Segador / Aranzazu Osoro Ulrich,Alejandra Alonso De Villa / Alejandra Salazar Bengoechea,women,0,2,2,2026-05-29,padelapi.org · elaboración propia,True
Jon Sanz / Jorge Nieto,Juan Tello / Maximiliano Arce,men,2,0,2,2026-06-04,padelapi.org · elaboración propia,True
Federico Chingotto / Alejandro Galan,Gonzalo Alfonso / Javier Barahona,men,2,0,2,2026-06-04,padelapi.org · elaboración propia,True
Martina Calvo Santamaria / Marta Ortega Gallego,Raquel Eugenio Barrera / Martina Fassio Goyeneche,women,1,1,2,2026-06-25,padelapi.org · elaboración propia,True
Marc Sintes Villalonga / Daniel Santigosa,Juan Lebron / Leo Augsburger,men,0,2,2,2026-07-15,padelapi.org · elaboración propia,True
Tolito Aguirre / Alejandro Arroyo,Pablo Garcia Rodrigo / Pablo Lijo,men,1,1,2,2026-07-15,padelapi.org · elaboración propia,True
Jon Sanz / Jorge Nieto,Andres Fdz Lancha / Enrique Goenaga,men,2,0,2,2026-06-09,padelapi.org · elaboración propia,True
Veronica Virseda / Marina Guinart,Julieta Evangelina Bidahorria / Marta Caparros Maldonado,women,1,1,2,2026-07-02,padelapi.org · elaboración propia,True
Alex Chozas / Tino Libaak,Maxi Sanchez / Juan Ignacio Rubini,men,1,1,2,2026-05-12,padelapi.org · elaboración propia,True
Pol Hernandez / Guillermo Collado,Pablo Garcia Rodrigo / Pablo Lijo,men,1,1,2,2026-06-02,padelapi.org · elaboración propia,True
Federico Chingotto / Alejandro Galan,Aimar Goñi / Edu Alonso,men,2,0,2,2026-09-11,padelapi.org · elaboración propia,True
Agustin Tapia / Arturo Coello,Lucas Campagnolo / Momo Gonzalez,men,2,0,2,2026-07-03,padelapi.org · elaboración propia,True
Claudia Fernandez Sanchez / Sofia Araujo,Nuria Rodriguez / Giulia Dal Pozzo,women,0,2,2,2026-06-25,padelapi.org · elaboración propia,True
David Gala / Enzo Jensen,Agustin Tapia / Arturo Coello,men,0,2,2,2026-07-15,padelapi.org · elaboración propia,True
Aimar Goñi / Edu Alonso,Martin Di Nenno / Francisco Navarro,men,0,2,2,2026-08-07,padelapi.org · elaboración propia,True
Franco Stupaczuk / Miguel Yanguas,Lucas Campagnolo / Momo Gonzalez,men,1,1,2,2026-06-04,padelapi.org · elaboración propia,True
Juan Ignacio De Pascual / Alonso Rodriguez Martinez,Martin Di Nenno / Francisco Navarro,men,0,2,2,2026-07-16,padelapi.org · elaboración propia,True
Lucas Campagnolo / Momo Gonzalez,Victor Ruiz / Mario Ortega,men,2,0,2,2026-06-24,padelapi.org · elaboración propia,True
Franco Stupaczuk / Miguel Yanguas,Francisco Gil / Manuel Castaño,men,2,0,2,2026-06-25,padelapi.org · elaboración propia,True
Javier Leal / Francisco Guerrero,Pol Hernandez / Guillermo Collado,men,1,1,2,2026-07-29,padelapi.org · elaboración propia,True
Álvaro Melendez Amaya / Jose Luis Gonzalez,Inigo Jofre / Jairo Bautista,men,0,2,2,2026-09-02,padelapi.org · elaboración propia,True
Claudia Jensen / Tamara Icardo Alcorisa,Marta Talavan / Sofia Saiz Vallejo,women,2,0,2,2026-06-09,padelapi.org · elaboración propia,True
Maxi Sanchez Blasco / Sanyo Gutierrez,Albert Roglan Pons / Manuel Aragon Herrera,men,1,1,2,2026-06-18,padelapi.org · elaboración propia,True
Marta Borrero / Giorgia Marchetti,Marta Talavan / Sofia Saiz Vallejo,women,0,2,2,2026-06-24,padelapi.org · elaboración propia,True
Franco Stupaczuk / Miguel Yanguas,Martin Di Nenno / Francisco Navarro,men,1,1,2,2026-07-17,padelapi.org · elaboración propia,True
Javier Leal / Francisco Guerrero,Juan Lebron / Leo Augsburger,men,1,1,2,2026-07-31,padelapi.org · elaboración propia,True
Jon Sanz / Jorge Nieto,Inigo Jofre / Jairo Bautista,men,2,0,2,2026-08-06,padelapi.org · elaboración propia,True
Javier Leal / Francisco Guerrero,Federico Mouriño / Marc Quilez,men,2,0,2,2026-09-09,padelapi.org · elaboración propia,True
Lucas Bergamini / Javier Garrido,Juan Tello / Maximiliano Arce,men,1,1,2,2026-06-28,padelapi.org · elaboración propia,True
Ariana Sanchez Fallada / Andrea Ustero Prieto,Patricia Llaguno Zielinski / Carolina Orsi,women,2,0,2,2026-09-03,padelapi.org · elaboración propia,True
Julieta Evangelina Bidahorria / Marta Caparros Maldonado,Carla Mesa Salazar / Barbara Las Heras,women,1,1,2,2026-06-10,padelapi.org · elaboración propia,True
Inigo Jofre / Jairo Bautista,Pablo Garcia Rodrigo / Pablo Lijo,men,2,0,2,2026-06-25,padelapi.org · elaboración propia,True
Marc Sintes Villalonga / Daniel Santigosa,Gonzalo Alfonso / Javier Barahona,men,1,1,2,2026-06-09,padelapi.org · elaboración propia,True
Alex Chozas / Tino Libaak,Marcos Gonzalez Blanco / Martin Abud,men,2,0,2,2026-07-13,padelapi.org · elaboración propia,True
Claudia Jensen / Tamara Icardo Alcorisa,Beatriz Gonzalez Fernandez / Paula Josemaria Martin,women,1,1,2,2026-07-04,padelapi.org · elaboración propia,True
Gemma Triay Pons / Delfina Brea Senesi,Beatriz Caldera Sanchez / Carmen Goenaga Garcia,women,2,0,2,2026-07-02,padelapi.org · elaboración propia,True
Julieta Evangelina Bidahorria / Marta Caparros Maldonado,Alejandra Alonso De Villa / Alejandra Salazar Bengoechea,women,0,2,2,2026-06-25,padelapi.org · elaboración propia,True
Aimar Goñi / Edu Alonso,Juan Ignacio De Pascual / Alonso Rodriguez Martinez,men,1,1,2,2026-06-24,padelapi.org · elaboración propia,True
Lorena Rufo Ortiz / Jessica Castello Lopez,Amanda Lopez Moral / Carla Touly,women,2,0,2,2026-06-24,padelapi.org · elaboración propia,True
Beatriz Gonzalez Fernandez / Paula Josemaria Martin,Ksenia Sharifova / Alix Collombon,women,2,0,2,2026-09-03,padelapi.org · elaboración propia,True
Clement Geens / Dylan Guichard,Inigo Jofre / Jairo Bautista,men,0,2,2,2026-07-01,padelapi.org · elaboración propia,True
Lea Godallier / Daiara Agustina Valenzuela,Beatriz Caldera Sanchez / Carmen Goenaga Garcia,women,0,2,2,2026-09-01,padelapi.org · elaboración propia,True
Victoria Iglesias Segador / Aranzazu Osoro Ulrich,Jimena Velasco Postiguillo / Marta Barrera De La Fuente,women,2,0,2,2026-07-01,padelapi.org · elaboración propia,True
Beatriz Gonzalez Fernandez / Paula Josemaria Martin,Marina Guinart / Alejandra Alonso De Villa,women,2,0,2,2026-07-31,padelapi.org · elaboración propia,True
Lucas Campagnolo / Momo Gonzalez,Juan Lebron / Leo Augsburger,men,0,2,2,2026-09-11,padelapi.org · elaboración propia,True
Victoria Iglesias Segador / Lorena Rufo Ortiz,Gemma Triay Pons / Delfina Brea Senesi,women,0,2,2,2026-08-06,padelapi.org · elaboración propia,True
Claudia Escacena Montero / Patricia Martinez Fortun,Ariadna Cañellas Rodero / Amanda Lopez Moral,women,1,1,2,2026-07-16,padelapi.org · elaboración propia,True
Franco Stupaczuk / Miguel Yanguas,Ramiro Pereyra / Jose Solano Marmolejo,men,1,1,2,2026-08-05,padelapi.org · elaboración propia,True
Jon Sanz / Jorge Nieto,Manuel Castaño / Enrique Goenaga,men,1,1,2,2026-07-29,padelapi.org · elaboración propia,True
Maria Eulalia Rodriguez Abajo / Noa Canovas Paredes,Patricia Llaguno Zielinski / Carolina Orsi,women,1,1,2,2026-08-02,padelapi.org · elaboración propia,True
Carmen Castillon Gamez / Lorena Vano,Ksenia Sharifova / Alix Collombon,women,0,2,2,2026-08-27,padelapi.org · elaboración propia,True
Agustin Tapia / Arturo Coello,Javier Leal / Francisco Guerrero,men,1,1,2,2026-09-11,padelapi.org · elaboración propia,True
Federico Chingotto / Alejandro Galan,Sanyo Gutierrez / Juanlu Esbri,men,2,0,2,2026-09-03,padelapi.org · elaboración propia,True
Gemma Triay Pons / Delfina Brea Senesi,Aranzazu Osoro Ulrich / Alejandra Salazar Bengoechea,women,2,0,2,2026-09-04,padelapi.org · elaboración propia,True
Jose Jimenez / Alejandro Arroyo,Agustin Tapia / Arturo Coello,men,0,2,2,2026-08-06,padelapi.org · elaboración propia,True
Agustin Tapia / Arturo Coello,Gonzalo Alfonso / Tino Libaak,men,2,0,2,2026-09-09,padelapi.org · elaboración propia,True
Julieta Evangelina Bidahorria / Marta Caparros Maldonado,Laura Lujan Rodriguez / Araceli Martinez,women,2,0,2,2026-07-29,padelapi.org · elaboración propia,True
Aimar Goñi / Edu Alonso,Ramiro Pereyra / Jose Solano Marmolejo,men,1,1,2,2026-09-02,padelapi.org · elaboración propia,True
Nuno Deus / Miguel Deus,Nacho Vilariño / Juan Zamorà Perez,men,1,1,2,2026-09-19,padelapi.org · elaboración propia,True
Francisco Cabeza Teres / Mariano Gonzalez,Victor Ruiz / Mario Ortega,men,2,0,2,2026-09-07,padelapi.org · elaboración propia,True
Martina Calvo Santamaria / Claudia Fernandez Sanchez,Marina Guinart / Alejandra Alonso De Villa,women,2,0,2,2026-09-11,padelapi.org · elaboración propia,True
Beatriz Gonzalez Fernandez / Paula Josemaria Martin,Sofia Araujo / Marta Ortega Gallego,women,1,1,2,2026-09-11,padelapi.org · elaboración propia,True
Javier Garcia / Alex Ruiz,Miguel Yanguas / Jorge Nieto,men,0,2,2,2026-09-03,padelapi.org · elaboración propia,True
Victoria Iglesias Segador / Lorena Rufo Ortiz,Aranzazu Osoro Ulrich / Alejandra Salazar Bengoechea,women,1,1,2,2026-09-03,padelapi.org · elaboración propia,True
Julieta Evangelina Bidahorria / Virginia Riera,Marta Talavan / Jessica Castello Lopez,women,0,2,2,2026-09-08,padelapi.org · elaboración propia,True
Flavio Abbate / Alvaro Montiel Caruso,Albert Roglan Pons / Manuel Aragon Herrera,men,1,1,2,2026-05-26,padelapi.org · elaboración propia,True
Clement Geens / Dylan Guichard,Pedro Araujo / Pedro Graça,men,2,0,2,2026-07-26,padelapi.org · elaboración propia,True
Nerea Derbis / Lorena Marruffo,Brittany Dubins / Camila Ramme Coellar,women,0,2,2,2026-08-29,padelapi.org · elaboración propia,True
Vinny Nahuel Di Francesco / Ivo Andenmatten Gudiño,Jorge Rangel / Hector Dubuc,men,2,0,2,2026-09-11,padelapi.org · elaboración propia,True
Caterina Maria Baldi / Clarissa Margherita Aima,Carlotta Casali / Ana Dominguez Gracia,women,1,1,2,2026-05-16,padelapi.org · elaboración propia,True
Julieta Evangelina Bidahorria / Marta Caparros Maldonado,Nerea Guerra Santana / Carla Fernandez Gonzalez,women,2,0,2,2026-05-23,padelapi.org · elaboración propia,True
Victor Ruiz / Sanyo Gutierrez,Maxi Sanchez / Juan Ignacio Rubini,men,1,1,2,2026-05-03,padelapi.org · elaboración propia,True
Bernardo Tavares / Manuel Sousa,Pedro Araujo / Pedro Graça,men,0,2,2,2026-05-22,padelapi.org · elaboración propia,True
Claudia Escacena Montero / Patricia Martinez Fortun,Lea Godallier / Daiara Agustina Valenzuela,women,0,2,2,2026-07-10,padelapi.org · elaboración propia,True
Yoan Boronad / Timeo Fonteny,Marcos Gonzalez Blanco / Martin Abud,men,0,2,2,2026-07-09,padelapi.org · elaboración propia,True
Noemi Aguilar Carrillo / Letizia Maria Manquillo Alarza,Catherine Rose / Aimee Gibson,women,1,1,2,2026-07-25,padelapi.org · elaboración propia,True
Maria Portillo Perez / Martina Parmigiani,Agueda Perez Ortiz / Marta Caparros Maldonado,men,0,2,2,2026-08-30,padelapi.org · elaboración propia,True
Alba Gallardo Salvado / Alba Perez Momha,Eugenia Guimet Bigas / Aimee Gibson,men,0,2,2,2026-08-30,padelapi.org · elaboración propia,True
Eugenia Guimet Bigas / Aimee Gibson,Agueda Perez Ortiz / Marta Caparros Maldonado,men,0,2,2,2026-08-30,padelapi.org · elaboración propia,True
Fitriani Sabatini / Fadona Kusuma,Agueda Perez Ortiz / Marta Caparros Maldonado,men,0,2,2,2026-08-29,padelapi.org · elaboración propia,True
Clara Mansart / Marie Amelie Dardaine,Constanca Gorito / Dora Chamli,men,2,0,2,2026-08-29,padelapi.org · elaboración propia,True
Maaike Betz / Liza Groenveld,Maria Portillo Perez / Martina Parmigiani,men,0,2,2,2026-08-29,padelapi.org · elaboración propia,True
Alise Cernecka / Nora Leinus,Alba Gallardo Salvado / Alba Perez Momha,men,0,2,2,2026-08-29,padelapi.org · elaboración propia,True
Janine Hemmes / Stephanie Weterings,Lena Plümer / Katharina Hering,men,2,0,2,2026-08-29,padelapi.org · elaboración propia,True
Puck Bernard / Francesca Ligotti,Eugenia Guimet Bigas / Aimee Gibson,men,0,2,2,2026-08-29,padelapi.org · elaboración propia,True
Marcella Koek / Ana Varo Ramos,Tess De Vocht / Noemi Sermant,men,2,0,2,2026-08-29,padelapi.org · elaboración propia,True
Agueda Perez Ortiz / Marta Caparros Maldonado,Helena Wyckaert / Camille Sireix,men,2,0,2,2026-08-29,padelapi.org · elaboración propia,True
Clara Mansart / Marie Amelie Dardaine,Maria Portillo Perez / Martina Parmigiani,men,0,2,2,2026-08-29,padelapi.org · elaboración propia,True
Janine Hemmes / Stephanie Weterings,Alba Gallardo Salvado / Alba Perez Momha,men,0,2,2,2026-08-29,padelapi.org · elaboración propia,True
Marcella Koek / Ana Varo Ramos,Eugenia Guimet Bigas / Aimee Gibson,men,0,2,2,2026-08-29,padelapi.org · elaboración propia,True
Maaike Betz / Liza Groenveld,Beatrice Gumulya / Novela Putria,men,2,0,2,2026-08-28,padelapi.org · elaboración propia,True
Alise Cernecka / Nora Leinus,Varvara Popova / Nika Sluzhiteleva,men,2,0,2,2026-08-28,padelapi.org · elaboración propia,True
Lena Plümer / Katharina Hering,Joyce Nouws / Merel Van Houten,men,2,0,2,2026-08-28,padelapi.org · elaboración propia,True
