fecha_dato,fuente,pais,continente,categoria,valor,unidad,calificador,contexto_txt,fuente_txt,publicable
2026-09-21,fip,AFRICA,África,pct_clubes_mundial,4.7,pct,exacto,,FIP World Padel Report 2025 · elaboración propia,True
2026-09-21,fip,AFRICA,África,pct_pistas_mundial,4.4,pct,exacto,,FIP World Padel Report 2025 · elaboración propia,True
2026-09-21,fip,AFRICA,África,crecimiento_pistas_18m_pct,47.0,pct,exacto,+1.089 pistas,FIP World Padel Report 2025 · elaboración propia,True
2026-09-21,fip,ALEMANIA,Europa,pistas,875.0,pistas,mas_de,+50% en pistas y clubes,FIP World Padel Report 2025 · elaboración propia,True
2026-09-21,fip,ARABIA_SAUDI,Asia,pistas,1127.0,pistas,exacto,"438 instalaciones, 1/4 de las instalaciones de Asia, 12% de los aficionados",FIP World Padel Report 2025 · elaboración propia,True
2026-09-21,fip,ARGENTINA,América,pct_aficionados_continente,40.0,pct,mas_de,Líder del continente americano,FIP World Padel Report 2025 · elaboración propia,True
2026-09-21,fip,ASIA,Asia,pct_clubes_mundial,7.0,pct,exacto,,FIP World Padel Report 2025 · elaboración propia,True
2026-09-21,fip,ASIA,Asia,pct_pistas_mundial,6.0,pct,exacto,,FIP World Padel Report 2025 · elaboración propia,True
2026-09-21,fip,ASIA,Asia,crecimiento_pistas_18m_pct,45.0,pct,exacto,+1.433 pistas,FIP World Padel Report 2025 · elaboración propia,True
2026-09-21,fip,AUSTRALIA,Oceanía,pistas,80.0,pistas,exacto,Sedes de torneos FIP en Sídney y Melbourne,FIP World Padel Report 2025 · elaboración propia,True
2026-09-21,fip,BELGICA,Europa,pistas,2150.0,pistas,exacto,,FIP World Padel Report 2025 · elaboración propia,True
2026-09-21,fip,BOLIVIA,América,pistas,100.0,pistas,mas_de,,FIP World Padel Report 2025 · elaboración propia,True
2026-09-21,fip,CENTRO_Y_NORTEAMERICA,Centro y Norteamérica,pct_clubes_mundial,4.5,pct,exacto,,FIP World Padel Report 2025 · elaboración propia,True
2026-09-21,fip,CENTRO_Y_NORTEAMERICA,Centro y Norteamérica,pct_pistas_mundial,5.1,pct,exacto,,FIP World Padel Report 2025 · elaboración propia,True
2026-09-21,fip,CENTRO_Y_NORTEAMERICA,Centro y Norteamérica,crecimiento_pistas_18m_pct,99.0,pct,exacto,+1.976 pistas,FIP World Padel Report 2025 · elaboración propia,True
2026-09-21,fip,CHILE,América,pct_aficionados_continente,10.0,pct,exacto,,FIP World Padel Report 2025 · elaboración propia,True
2026-09-21,fip,COLOMBIA,América,pistas,500.0,pistas,aprox,Acercándose a esta cifra,FIP World Padel Report 2025 · elaboración propia,True
2026-09-21,fip,ECUADOR,América,pistas,300.0,pistas,mas_de,,FIP World Padel Report 2025 · elaboración propia,True
2026-09-21,fip,EGIPTO,África,pct_instalaciones_continente,44.0,pct,exacto,31% de los aficionados; país más maduro de África,FIP World Padel Report 2025 · elaboración propia,True
2026-09-21,fip,EMIRATOS_ARABES_UNIDOS,Asia,pistas,1000.0,pistas,aprox,"13,5% de los aficionados de Asia",FIP World Padel Report 2025 · elaboración propia,True
2026-09-21,fip,ESPAÑA,Europa,pistas,17300.0,pistas,mas_de,50% de los aficionados de Europa,FIP World Padel Report 2025 · elaboración propia,True
2026-09-21,fip,ESPAÑA,Europa,jugadores,6000000.0,jugadores,mas_de,,FIP World Padel Report 2025 · elaboración propia,True
2026-09-21,fip,ESTADOS_UNIDOS,América,pistas,770.0,pistas,mas_de,"31 estados; Florida 41% de las pistas del país, Texas 18%, California 10%, Nueva York 4,7%",FIP World Padel Report 2025 · elaboración propia,True
2026-09-21,fip,ESTADOS_UNIDOS,América,pct_aficionados_continente,10.0,pct,exacto,,FIP World Padel Report 2025 · elaboración propia,True
2026-09-21,fip,EUROPA,Europa,pct_clubes_mundial,62.3,pct,exacto,,FIP World Padel Report 2025 · elaboración propia,True
2026-09-21,fip,EUROPA,Europa,pct_pistas_mundial,66.1,pct,exacto,51.100 pistas,FIP World Padel Report 2025 · elaboración propia,True
2026-09-21,fip,EUROPA,Europa,crecimiento_pistas_18m_pct,20.0,pct,exacto,+8.500 pistas,FIP World Padel Report 2025 · elaboración propia,True
2026-09-21,fip,FINLANDIA,Europa,pistas,1100.0,pistas,exacto,En fase de consolidación en 2024,FIP World Padel Report 2025 · elaboración propia,True
2026-09-21,fip,FRANCIA,Europa,pistas,4000.0,pistas,mas_de,"+1.850 pistas en 18 meses, +55% anual — mayor crecimiento absoluto de Europa",FIP World Padel Report 2025 · elaboración propia,True
2026-09-21,fip,GLOBAL,,jugadores_amateur,35000000.0,jugadores,aprox,"Estimación FIP a partir de datos de federaciones nacionales, 2025",FIP World Padel Report 2025 · elaboración propia,True
2026-09-21,fip,GLOBAL,,licencias_federadas,850000.0,licencias,mas_de,"Federados en federaciones afiliadas a la FIP, +19,0% vs encuesta anterior",FIP World Padel Report 2025 · elaboración propia,True
2026-09-21,fip,GLOBAL,,paises_donde_se_juega,150.0,paises,exacto,Más 20 territorios dependientes,FIP World Padel Report 2025 · elaboración propia,True
2026-09-21,fip,GLOBAL,,federaciones_afiliadas_fip,87.0,federaciones,exacto,,FIP World Padel Report 2025 · elaboración propia,True
2026-09-21,fip,GLOBAL,,clubes,24627.0,clubes,mas_de,"Clubes e instalaciones donde se puede jugar, mundial",FIP World Padel Report 2025 · elaboración propia,True
2026-09-21,fip,GLOBAL,,clubes_afiliados_federacion,8612.0,clubes,exacto,Frente a 5.820 en 2023 (+48%),FIP World Padel Report 2025 · elaboración propia,True
2026-09-21,fip,GLOBAL,,pistas,77355.0,pistas,mas_de,Dato de junio de 2025 (70.000 a principios de 2025),FIP World Padel Report 2025 · elaboración propia,True
2026-09-21,fip,GLOBAL,,crecimiento_pistas_18m_pct,22.8,pct,exacto,"+14.355 pistas en 18 meses (~15,2% anual)",FIP World Padel Report 2025 · elaboración propia,True
2026-09-21,fip,INDONESIA,Asia,pistas,350.0,pistas,aprox,17% de los aficionados de Asia,FIP World Padel Report 2025 · elaboración propia,True
2026-09-21,fip,ITALIA,Europa,pistas,10200.0,pistas,mas_de,"11% de los aficionados de Europa, en consolidación tras el boom",FIP World Padel Report 2025 · elaboración propia,True
2026-09-21,fip,KUWAIT,Asia,pistas,600.0,pistas,exacto,,FIP World Padel Report 2025 · elaboración propia,True
2026-09-21,fip,MARRUECOS,África,pistas,100.0,pistas,mas_de,13% de los aficionados de África,FIP World Padel Report 2025 · elaboración propia,True
2026-09-21,fip,MEXICO,América,jugadores,1000000.0,jugadores,mas_de,13% de los aficionados del continente americano,FIP World Padel Report 2025 · elaboración propia,True
2026-09-21,fip,NORUEGA,Europa,pistas,600.0,pistas,exacto,En fase de consolidación en 2024,FIP World Padel Report 2025 · elaboración propia,True
2026-09-21,fip,OCEANIA,Oceanía,pct_clubes_mundial,0.1,pct,exacto,,FIP World Padel Report 2025 · elaboración propia,True
2026-09-21,fip,OCEANIA,Oceanía,pct_pistas_mundial,0.1,pct,exacto,,FIP World Padel Report 2025 · elaboración propia,True
2026-09-21,fip,OCEANIA,Oceanía,crecimiento_pistas_18m_pct,120.0,pct,exacto,+60 pistas,FIP World Padel Report 2025 · elaboración propia,True
2026-09-21,fip,PAISES_BAJOS,Europa,pistas,3500.0,pistas,mas_de,Dato de mediados de 2025,FIP World Padel Report 2025 · elaboración propia,True
2026-09-21,fip,PANAMA,América,pistas,200.0,pistas,exacto,,FIP World Padel Report 2025 · elaboración propia,True
2026-09-21,fip,PORTUGAL,Europa,pistas,1560.0,pistas,exacto,3er país en aficionados de Europa tras España e Italia; aficionados +8%,FIP World Padel Report 2025 · elaboración propia,True
2026-09-21,fip,REINO_UNIDO,Europa,pistas,1000.0,pistas,mas_de,Hito alcanzado a mediados de julio 2025; crecimiento medio anual reciente ~130%,FIP World Padel Report 2025 · elaboración propia,True
2026-09-21,fip,REPUBLICA_DOMINICANA,América,pistas,100.0,pistas,mas_de,,FIP World Padel Report 2025 · elaboración propia,True
2026-09-21,fip,SUDAFRICA,África,pistas,1200.0,pistas,mas_de,~390 instalaciones; 28% de los aficionados de África (16% en 2024),FIP World Padel Report 2025 · elaboración propia,True
2026-09-21,fip,SUDAMERICA,América del Sur,pct_clubes_mundial,21.5,pct,exacto,,FIP World Padel Report 2025 · elaboración propia,True
2026-09-21,fip,SUDAMERICA,América del Sur,pct_pistas_mundial,18.3,pct,exacto,,FIP World Padel Report 2025 · elaboración propia,True
2026-09-21,fip,SUDAMERICA,América del Sur,crecimiento_pistas_18m_pct,10.0,pct,exacto,+1.297 pistas,FIP World Padel Report 2025 · elaboración propia,True
2026-09-21,fip,TUNEZ,África,pistas,100.0,pistas,mas_de,12% de los aficionados de África,FIP World Padel Report 2025 · elaboración propia,True
2026-09-21,fip,VENEZUELA,América,pistas,300.0,pistas,mas_de,,FIP World Padel Report 2025 · elaboración propia,True
2026-09-21,playtomic,ALEMANIA,,,,,,Conversión rápida de clubes de tenis a pádel,"Playtomic Global Padel Report 2026 (con Strategy&, PwC) · elaboración propia",True
2026-09-21,playtomic,ARGENTINA,,,,,,,"Playtomic Global Padel Report 2026 (con Strategy&, PwC) · elaboración propia",True
2026-09-21,playtomic,AUSTRALIA,,,,,,,"Playtomic Global Padel Report 2026 (con Strategy&, PwC) · elaboración propia",True
2026-09-21,playtomic,BELGICA,,,,,,,"Playtomic Global Padel Report 2026 (con Strategy&, PwC) · elaboración propia",True
2026-09-21,playtomic,BRASIL,,,,,,"Junto con México, motor de las nuevas pistas en Latinoamérica en 2025","Playtomic Global Padel Report 2026 (con Strategy&, PwC) · elaboración propia",True
2026-09-21,playtomic,CHILE,,,,,,,"Playtomic Global Padel Report 2026 (con Strategy&, PwC) · elaboración propia",True
2026-09-21,playtomic,ESPAÑA,,,,,,Mayor base instalada del mundo en términos absolutos,"Playtomic Global Padel Report 2026 (con Strategy&, PwC) · elaboración propia",True
2026-09-21,playtomic,ESTADOS_UNIDOS,,,,,,"Demanda concentrada en Florida, Texas, California y costa este; posicionamiento premium","Playtomic Global Padel Report 2026 (con Strategy&, PwC) · elaboración propia",True
2026-09-21,playtomic,FINLANDIA,,,,,,,"Playtomic Global Padel Report 2026 (con Strategy&, PwC) · elaboración propia",True
2026-09-21,playtomic,FRANCIA,,,,,,Mayor cuota de pistas nuevas en 2025 de todo el mundo,"Playtomic Global Padel Report 2026 (con Strategy&, PwC) · elaboración propia",True
2026-09-21,playtomic,GLOBAL,,,,,,"58.334 pistas mundiales en 2025 (+7.898 nuevas, +16% interanual); +4.969 clubes nuevos; ~6x el número de pistas desde 2016","Playtomic Global Padel Report 2026 (con Strategy&, PwC) · elaboración propia",True
2026-09-21,playtomic,INDIA,,,,,,,"Playtomic Global Padel Report 2026 (con Strategy&, PwC) · elaboración propia",True
2026-09-21,playtomic,INDONESIA,,,,,,"~800 pistas nuevas en 2025, impulsadas por grandes centros metropolitanos y resorts","Playtomic Global Padel Report 2026 (con Strategy&, PwC) · elaboración propia",True
2026-09-21,playtomic,IRLANDA,,,,,,,"Playtomic Global Padel Report 2026 (con Strategy&, PwC) · elaboración propia",True
2026-09-21,playtomic,ITALIA,,,,,,,"Playtomic Global Padel Report 2026 (con Strategy&, PwC) · elaboración propia",True
2026-09-21,playtomic,PAISES_BAJOS,,,,,,Mercado post punto de inflexión; ya no es un mercado de solo construir pistas nuevas,"Playtomic Global Padel Report 2026 (con Strategy&, PwC) · elaboración propia",True
2026-09-21,playtomic,POLONIA,,,,,,,"Playtomic Global Padel Report 2026 (con Strategy&, PwC) · elaboración propia",True
2026-09-21,playtomic,PORTUGAL,,,,,,,"Playtomic Global Padel Report 2026 (con Strategy&, PwC) · elaboración propia",True
2026-09-21,playtomic,REINO_UNIDO,,,,,,Ocupación media ~85% en hora punta; ~50% de jugadores dice que cuesta encontrar pista en hora punta,"Playtomic Global Padel Report 2026 (con Strategy&, PwC) · elaboración propia",True
2026-09-21,playtomic,SUDAFRICA,,,,,,Clasificación reciente; todavía construyendo hacia estos niveles de penetración,"Playtomic Global Padel Report 2026 (con Strategy&, PwC) · elaboración propia",True
2026-09-21,playtomic,SUECIA,,,,,,Fase de corrección profunda tras el boom de 2020; consolidación y cierre de clubes,"Playtomic Global Padel Report 2026 (con Strategy&, PwC) · elaboración propia",True
2026-09-21,playtomic,SUIZA,,,,,,,"Playtomic Global Padel Report 2026 (con Strategy&, PwC) · elaboración propia",True
