pareja_id,jugador_1_nombre,jugador_2_nombre,categoria,fecha_inicio,fecha_fin,activa,duracion_dias,n_torneos,n_partidos,posible_inicio_anterior_a_datos,fuente_txt,publicable
Pae3f26b2ea,Julian Prins,Youp De Kroon,men,2026-01-21,2026-09-19,True,243,9,50,True,padelapi.org · elaboración propia,True
Pcf16eb6e35,Lucas Bergamini,Javier Garrido,men,2026-02-05,2026-09-09,True,228,19,86,False,padelapi.org · elaboración propia,True
P7eedd477ec,Federico Mouriño,Marc Quilez,men,2026-02-09,2026-09-20,True,224,17,72,False,padelapi.org · elaboración propia,True
P416075675a,Agustin Tapia,Arturo Coello,men,2026-02-10,2026-09-13,True,223,16,138,False,padelapi.org · elaboración propia,True
P159ca3cdfe,Federico Chingotto,Alejandro Galan,men,2026-02-10,2026-09-13,True,223,17,148,False,padelapi.org · elaboración propia,True
P5a87c95cce,Juan Lebron,Leo Augsburger,men,2026-02-10,2026-09-12,True,223,17,112,False,padelapi.org · elaboración propia,True
P05f4dcd7d0,Claudia Jensen,Tamara Icardo Alcorisa,women,2026-02-10,2026-09-04,True,223,16,90,False,padelapi.org · elaboración propia,True
Pdd0394d123,Beatriz Caldera Sanchez,Carmen Goenaga Garcia,women,2026-02-10,2026-09-10,True,223,19,84,False,padelapi.org · elaboración propia,True
Pa25eede3aa,Nuria Rodriguez,Giulia Dal Pozzo,women,2026-02-10,2026-09-10,True,223,19,86,False,padelapi.org · elaboración propia,True
P5eb19f905c,Gemma Triay Pons,Delfina Brea Senesi,women,2026-02-11,2026-09-12,True,222,17,126,False,padelapi.org · elaboración propia,True
P858627b324,Ariana Sanchez Fallada,Andrea Ustero Prieto,women,2026-02-11,2026-09-13,True,222,15,96,False,padelapi.org · elaboración propia,True
P92b399860c,Beatriz Gonzalez Fernandez,Paula Josemaria Martin,women,2026-02-11,2026-09-11,True,222,17,114,False,padelapi.org · elaboración propia,True
P960b5aeef8,Mohamed El Garhy,Mohamed Aboulkassem,men,2026-02-11,2026-04-13,True,222,2,6,False,padelapi.org · elaboración propia,True
Pe2a8786c30,Victor Tur Checa,Agustin Reca,men,2026-02-04,2026-09-10,False,218,12,29,False,padelapi.org · elaboración propia,True
P714c6d41c8,Richard Ashforth,Luan Krige,men,2026-02-18,2026-09-18,True,215,3,8,False,padelapi.org · elaboración propia,True
P38fadd9d99,Angela Caro Cantin,Gimena Sol Perez,women,2026-02-18,2026-06-07,True,215,2,14,False,padelapi.org · elaboración propia,True
P876e7e2e11,Hamzeh Al-Aswad,Nima Jabbari,men,2026-02-18,2026-06-04,True,215,2,4,False,padelapi.org · elaboración propia,True
P4c5a600c27,Fatma Abbas Janahi,Aisha Alawadhi,women,2026-02-18,2026-06-05,True,215,2,6,False,padelapi.org · elaboración propia,True
Pf09dbd8fad,Wing Chun Law,Hiu Wai Lau,women,2026-02-18,2026-09-19,False,213,4,6,False,padelapi.org · elaboración propia,True
P189a5f836b,Maria Eulalia Rodriguez Abajo,Noa Canovas Paredes,women,2026-02-09,2026-09-09,False,212,19,55,False,padelapi.org · elaboración propia,True
Pa83aa55e17,Pol Hernandez,Guillermo Collado,men,2026-02-09,2026-09-09,False,212,22,96,False,padelapi.org · elaboración propia,True
P3cdc39edc4,Facundo Erguy,Ali Dawani,men,2026-02-18,2026-09-18,False,212,3,6,False,padelapi.org · elaboración propia,True
P671b7a6f68,Henrik Aarnio,Janne Wuorinen,men,2026-02-26,2026-08-21,True,207,2,8,False,padelapi.org · elaboración propia,True
Pc5eb230198,Saana Saarteinen,Ella Sillanpää,women,2026-02-26,2026-08-21,True,207,2,4,False,padelapi.org · elaboración propia,True
P38b1b16b6a,Maria Teeriaho,Merituuli Saarela,women,2026-02-26,2026-08-21,True,207,2,4,False,padelapi.org · elaboración propia,True
Pf9006a42f0,Valeria Garcia Martinez,Carlota Lamas Rodriguez,women,2026-02-18,2026-09-11,False,205,2,4,False,padelapi.org · elaboración propia,True
Pfefc27753d,Gustavo Nunes,Anton Sans,men,2026-02-26,2026-09-19,False,205,16,63,False,padelapi.org · elaboración propia,True
P910d8ee666,Lorenzo Bogarin,Guillermo Fernandez Sanchez,men,2026-02-18,2026-09-10,False,204,2,3,False,padelapi.org · elaboración propia,True
Pd6daa332f1,Pedro Araujo,Pedro Graça,men,2026-03-06,2026-09-19,True,199,9,58,False,padelapi.org · elaboración propia,True
P1e4342e306,Maria Do Carmo Ribeiro,Luisa Roque De Pinho,women,2026-03-06,2026-09-18,True,199,8,20,False,padelapi.org · elaboración propia,True
P368b6dae64,Micaela Para,Jessica Para,women,2026-03-06,2026-09-18,True,199,7,22,False,padelapi.org · elaboración propia,True
P1910b47afc,Fabio Da Costa Araujo,Zè Pedro Ferreira,men,2026-03-06,2026-09-17,False,195,6,11,False,padelapi.org · elaboración propia,True
P7ee8eb4a6a,Lucca Carlesso,Nathan De Barros Duval,men,2026-03-13,2026-09-18,True,192,3,8,False,padelapi.org · elaboración propia,True
Pffbd37fc2e,Nerea Guerra Santana,Carla Fernandez Gonzalez,women,2026-03-13,2026-09-19,True,192,10,58,False,padelapi.org · elaboración propia,True
P4489f74c5b,Vlada Kutuzova,Vilena Petrova,women,2026-03-13,2026-08-27,True,192,3,14,False,padelapi.org · elaboración propia,True
P6d923506b0,Leonardo Becker,Renan Lobo Bosco,men,2026-03-13,2026-07-24,True,192,2,6,False,padelapi.org · elaboración propia,True
P83a2d149f5,Pablo Molina Tofanelli,Axel William Guevara,men,2026-03-13,2026-09-17,False,188,2,5,False,padelapi.org · elaboración propia,True
Peac5178933,Ivet Val Lopez,Louise Bahurel,women,2026-03-06,2026-09-08,False,186,10,24,False,padelapi.org · elaboración propia,True
Pd4f3d68a8a,Cecilia Pattacini,Francesca Scrinzi,women,2026-03-19,2026-04-18,True,186,2,8,False,padelapi.org · elaboración propia,True
Pe36c0fcd51,Rodrigo Lopez Santin,Filippo Necchi,men,2026-03-19,2026-04-17,True,186,2,4,False,padelapi.org · elaboración propia,True
P7bee9026ce,Antonio Palma,Matteo Mancini,men,2026-03-19,2026-06-27,True,186,4,8,False,padelapi.org · elaboración propia,True
P592d7deec6,Angelina Neizvestnaya,Elsa Terranova,women,2026-03-19,2026-09-20,False,185,8,21,False,padelapi.org · elaboración propia,True
P916fec2408,Christian Fuster,Miguel Angel Solbes,men,2026-03-27,2026-06-08,True,178,4,14,False,padelapi.org · elaboración propia,True
Pb9fb9c05eb,Nahuel Pineda,Antonio Terzo,men,2026-03-27,2026-06-11,True,178,2,4,False,padelapi.org · elaboración propia,True
P5be523d0c4,Lena Plümer,Katharina Hering,women,2026-03-28,2026-09-11,True,177,4,16,False,padelapi.org · elaboración propia,True
Pefd5073502,Franco Stupaczuk,Miguel Yanguas,men,2026-02-10,2026-08-05,False,176,15,86,False,padelapi.org · elaboración propia,True
P5d39445400,Marc Sintes Villalonga,Daniel Santigosa,men,2026-01-21,2026-07-15,False,175,13,64,True,padelapi.org · elaboración propia,True
P18bdc10671,Julieta Evangelina Bidahorria,Marta Caparros Maldonado,women,2026-02-10,2026-08-04,False,175,19,78,False,padelapi.org · elaboración propia,True
P3b62cd69c2,Javier Valdes,Renzo Gabriel Nuñez,men,2026-02-09,2026-08-01,False,173,7,24,False,padelapi.org · elaboración propia,True
Pdc9f123b09,Francisco Cabeza Teres,Mariano Gonzalez,men,2026-04-02,2026-09-09,True,172,13,78,False,padelapi.org · elaboración propia,True
P8155cd3b03,Alberto Garcia Jimenez,Christian Medina Murphy,men,2026-04-02,2026-09-20,True,172,9,54,False,padelapi.org · elaboración propia,True
P96ebd96438,Zhanibek Umbetov,Rodion Pak,men,2026-04-02,2026-04-24,True,172,2,4,False,padelapi.org · elaboración propia,True
Pcccc7ad2f6,Ibrahim Joel Tresor Ouédraogo,Tinde Malick Souleyman,men,2026-04-02,2026-06-25,True,172,2,6,False,padelapi.org · elaboración propia,True
P8b679329e7,Lara Salloub,Kinda Omeis,women,2026-04-03,2026-06-25,True,171,2,4,False,padelapi.org · elaboración propia,True
Pef6d5ecb20,Mauricio Garcia Villalobos,Diego Garcia Villalobos Blanco,men,2026-04-09,2026-08-27,True,165,3,8,False,padelapi.org · elaboración propia,True
Pdd43d88962,Luis Facundo Sayes,Lucas Franco Rodriguez,men,2026-04-09,2026-09-10,True,165,3,6,False,padelapi.org · elaboración propia,True
P56166b9848,Nicolas Crosio,Matias Emiliano Gutierrez C.,men,2026-04-09,2026-09-12,True,165,3,16,False,padelapi.org · elaboración propia,True
Pd9b9c98fc1,Thijs Roper,Willy Slaryd,men,2026-04-09,2026-09-19,False,163,4,19,False,padelapi.org · elaboración propia,True
P08ba201873,Silvia Lopez Vidal,Fatma Al Nabhani,women,2026-04-11,2026-06-05,True,163,2,12,False,padelapi.org · elaboración propia,True
P360858c8d4,Lucia Martinez Gomez,Agueda Perez Ortiz,women,2026-02-04,2026-07-15,False,161,14,56,False,padelapi.org · elaboración propia,True
Pe85b04c07c,Alex Chozas,Tino Libaak,men,2026-02-04,2026-07-14,False,160,18,86,False,padelapi.org · elaboración propia,True
P5fcefcf512,Martina Calvo Santamaria,Marta Ortega Gallego,women,2026-02-09,2026-07-18,False,159,13,66,False,padelapi.org · elaboración propia,True
P7da034faaf,Alessandro Pirrotta,Rogrigo Tornelli Contreras,men,2026-04-17,2026-06-11,True,157,2,4,False,padelapi.org · elaboración propia,True
P3f4f0e84bb,Valentina Mago,Ginevra Mariapia Abramo,women,2026-04-17,2026-06-12,True,157,2,6,False,padelapi.org · elaboración propia,True
Pfc614b39d1,Francesco Spurio,Edoardo Riso,men,2026-04-17,2026-05-07,True,157,2,6,False,padelapi.org · elaboración propia,True
P0117cdd24b,Micaela Moroni,Deborah Cruciani,women,2026-04-17,2026-06-27,True,157,4,8,False,padelapi.org · elaboración propia,True
P7f89fbfb93,Claudia Fernandez Sanchez,Sofia Araujo,women,2026-02-11,2026-07-17,False,156,13,64,False,padelapi.org · elaboración propia,True
Paac1c37e57,Muzaaffer Atakan Ozuysal,Pier Giulio Farabbi,men,2026-02-18,2026-07-24,False,156,2,3,False,padelapi.org · elaboración propia,True
P0251f5cdcd,Jon Sanz,Jorge Nieto,men,2026-03-04,2026-08-07,False,156,14,74,False,padelapi.org · elaboración propia,True
Pcb37518e79,Nacho Vilariño,Mario Del Castillo,men,2026-02-09,2026-07-14,False,155,7,38,False,padelapi.org · elaboración propia,True
Pc517d52217,Kae Tokumoto,Saki Tsukamoto,women,2026-03-13,2026-08-15,False,155,4,18,False,padelapi.org · elaboración propia,True
P7214316253,Nathan Courrin,Thomas Seux,men,2026-04-17,2026-09-19,False,155,7,22,False,padelapi.org · elaboración propia,True
P3482a4eb41,Flavio Abbate,Alvaro Montiel Caruso,men,2026-03-06,2026-08-05,False,152,12,46,False,padelapi.org · elaboración propia,True
P2987fd0d86,Aimar Goñi,Edu Alonso,men,2026-04-22,2026-09-11,True,152,14,64,False,padelapi.org · elaboración propia,True
P8257d8852c,Elyne Boeykens,Justine Pysson,women,2026-04-22,2026-09-13,True,152,4,16,False,padelapi.org · elaboración propia,True
P07668dd9c6,Juan Ignacio De Pascual,Alonso Rodriguez Martinez,men,2026-03-24,2026-08-21,False,150,11,48,False,padelapi.org · elaboración propia,True
Pccac34fba1,Gerard Gimeno Centelles,Lluis Miro Garrido,men,2026-04-24,2026-09-19,True,150,2,6,False,padelapi.org · elaboración propia,True
Pfff11a9550,Meisy Jolly Lee,Novi Oey,women,2026-04-24,2026-08-14,True,150,2,4,False,padelapi.org · elaboración propia,True
P133d004af3,Juanlu Esbri,Alex Ruiz,men,2026-02-04,2026-07-02,False,148,15,62,False,padelapi.org · elaboración propia,True
P5c95753c73,Alejandra Alonso De Villa,Alejandra Salazar Bengoechea,women,2026-02-05,2026-07-03,False,148,14,60,False,padelapi.org · elaboración propia,True
P4b2b55ae8a,Alba Vazquez Gracia,Jimena Diaz De La Iglesia,women,2026-04-24,2026-09-19,False,148,5,20,False,padelapi.org · elaboración propia,True
P850f3b379d,Marcos Cordoba,Borja Trujillo Chang,men,2026-02-11,2026-07-08,False,147,6,25,False,padelapi.org · elaboración propia,True
P3984e42a95,Michele Brambilla,Noa Bonnefoy,men,2026-04-17,2026-09-11,False,147,4,11,False,padelapi.org · elaboración propia,True
P8e1fb728cd,Jimena Velasco Postiguillo,Marta Barrera De La Fuente,women,2026-02-05,2026-07-01,False,146,15,70,False,padelapi.org · elaboración propia,True
Pd71884a82c,Patricia Llaguno Zielinski,Carolina Orsi,women,2026-04-18,2026-09-11,False,146,14,48,False,padelapi.org · elaboración propia,True
P68a5f8aed0,Veronica Virseda,Marina Guinart,women,2026-02-09,2026-07-03,False,144,14,62,False,padelapi.org · elaboración propia,True
P4e02b011aa,Alonso Villavicencio,Cristobal Molina,men,2026-05-01,2026-09-18,True,143,2,6,False,padelapi.org · elaboración propia,True
Pfbc93cc98a,Adolfina Caballero Vico,Ana Caballero Vico,women,2026-05-01,2026-07-30,True,143,7,18,False,padelapi.org · elaboración propia,True
P1f1bc692ec,Victoria Iglesias Segador,Aranzazu Osoro Ulrich,women,2026-02-10,2026-07-02,False,142,14,62,False,padelapi.org · elaboración propia,True
Pfac66ecccb,Simone Iacovino,Giulio Graziotti,men,2026-04-23,2026-09-12,False,142,5,20,False,padelapi.org · elaboración propia,True
P88f3f64f15,Michal Skonieczny,Wojciech Szczesny,men,2026-02-12,2026-07-03,False,141,3,4,False,padelapi.org · elaboración propia,True
Pa992764b4f,Alba Gallardo Salvado,Alba Perez Momha,women,2026-03-13,2026-08-01,False,141,8,37,False,padelapi.org · elaboración propia,True
P2d11604eec,Pablo Hernan Barrera,Gerardo Tafich Romo,men,2026-04-09,2026-08-28,False,141,2,8,False,padelapi.org · elaboración propia,True
P0faae48a7c,Juan Tello,Maximiliano Arce,men,2026-04-21,2026-09-09,False,141,13,39,False,padelapi.org · elaboración propia,True
P89949fbee4,Ramiro Pereyra,Jose Solano Marmolejo,men,2026-04-22,2026-09-08,False,139,6,15,False,padelapi.org · elaboración propia,True
Pd5e12a5d85,Diego Garcia Garcia,Santiago Jose Pineda Cabello,men,2026-02-26,2026-07-14,False,138,10,48,False,padelapi.org · elaboración propia,True
Pa108eb0e86,Stefano Indomenico,Giulio Lovascio,men,2026-05-07,2026-06-11,True,137,2,6,False,padelapi.org · elaboración propia,True
P6aec8225bd,Joana Brites,Catarina Cardoso,women,2026-05-07,2026-05-22,True,137,2,4,False,padelapi.org · elaboración propia,True
Pdc7a591529,Lorena Rufo Ortiz,Jessica Castello Lopez,women,2026-02-09,2026-06-25,False,136,15,64,False,padelapi.org · elaboración propia,True
P278d065a94,Marta Talavan,Sofia Saiz Vallejo,women,2026-02-09,2026-06-25,False,136,12,29,False,padelapi.org · elaboración propia,True
Pcb6eb039f2,Theo Bernardo Dos Santos,Lucas Fernandes,men,2026-03-13,2026-07-25,False,134,2,6,False,padelapi.org · elaboración propia,True
P594f252fa2,Fabricio Ivan Peiron,Santiago Rolla,men,2026-03-13,2026-07-25,False,134,4,14,False,padelapi.org · elaboración propia,True
Paabbd0ee3c,Oleksandra Mozharovska,Inês Alexandra Abalada Do Val Bento,women,2026-04-30,2026-09-10,False,133,4,7,False,padelapi.org · elaboración propia,True
P93c91c8495,Jose Pablo Padilla,Pablo Francisco Amora Hernandez,men,2026-04-09,2026-08-19,False,132,2,6,False,padelapi.org · elaboración propia,True
P1f18e1ebb1,Jose Angel Montoya,Jose Alberto Funes Ontivero,men,2026-04-09,2026-08-19,False,132,2,4,False,padelapi.org · elaboración propia,True
Pc37851d715,Timeo Fonteny,Johan Bergeron,men,2026-01-21,2026-05-30,False,129,7,30,True,padelapi.org · elaboración propia,True
P0932fc8464,Cristina Aiello,Elisa Sararu,women,2026-05-15,2026-09-10,True,129,3,8,False,padelapi.org · elaboración propia,True
P71d15af819,Armand Baboian,Robert Coman,men,2026-05-15,2026-09-18,True,129,3,6,False,padelapi.org · elaboración propia,True
Pa2b2f71c18,German Rodriguez Quesada,Lucas Danuzzo,men,2026-05-15,2026-05-23,True,129,2,6,False,padelapi.org · elaboración propia,True
P9c6659fe3b,Luna Di Battista,Lea Jurković,women,2026-05-07,2026-09-11,False,127,2,6,False,padelapi.org · elaboración propia,True
P2be27f0332,Federico Galli,Pietro Giovannini,men,2026-05-07,2026-09-11,False,127,2,6,False,padelapi.org · elaboración propia,True
Pf8247e502e,Carmen Ibañez Diaz,Marta Ortiz Montoya,women,2026-05-01,2026-09-03,False,125,5,9,False,padelapi.org · elaboración propia,True
P25907a31e8,Lorena Vano,Xenia Clasca Vidiella,women,2026-02-04,2026-06-07,False,123,6,24,False,padelapi.org · elaboración propia,True
P8ef49a196b,Javier Leal,Francisco Guerrero,men,2026-05-22,2026-09-11,True,122,10,56,False,padelapi.org · elaboración propia,True
Pd4908db55c,Ksenia Sharifova,Alix Collombon,women,2026-05-22,2026-09-20,True,122,14,62,False,padelapi.org · elaboración propia,True
Pa9b1c8f4d4,Henrique Brazao,Plinio Ferrao,men,2026-05-22,2026-09-17,True,122,4,12,False,padelapi.org · elaboración propia,True
P92a08bc328,Caetana Cunha Girbal,Carlota Pais,women,2026-05-22,2026-09-11,True,122,2,6,False,padelapi.org · elaboración propia,True
P49c06369d3,Samuel Jones,Nikhil Mohindra,men,2026-05-22,2026-08-20,True,122,3,6,False,padelapi.org · elaboración propia,True
P39ae7c91d5,Rosie Quirk,Chloe De La Mare,women,2026-01-21,2026-05-22,False,121,2,3,True,padelapi.org · elaboración propia,True
P53b16703e6,Patricia Llaguno Zielinski,Carolina Orsi,women,2026-05-13,2026-09-11,False,121,11,28,False,padelapi.org · elaboración propia,True
P1ad021c496,Juan Pedro Ramirez Ruiz,Javier Nuñez Lopez,men,2026-05-07,2026-09-04,False,120,3,8,False,padelapi.org · elaboración propia,True
P9aab70dc99,Sayaka Yoshimoto,Sirui He,women,2026-03-13,2026-07-10,False,119,2,3,False,padelapi.org · elaboración propia,True
Pf70dc27c56,Marina Miguel Chaves,Ainhoa Corrales Fernández,women,2026-05-07,2026-09-03,False,119,2,4,False,padelapi.org · elaboración propia,True
P5161babe6f,Maria Eulalia Rodriguez Abajo,Noa Canovas Paredes,women,2026-05-13,2026-09-09,False,119,13,31,False,padelapi.org · elaboración propia,True
P797a1f2175,Mihnea Petru Zaharia,Horia Vladimir Nedelcu,men,2026-05-15,2026-09-10,False,118,2,5,False,padelapi.org · elaboración propia,True
Pd2c6b179f5,Lucas Campagnolo,Momo Gonzalez,men,2026-05-26,2026-09-11,True,118,9,50,False,padelapi.org · elaboración propia,True
Pdc28213b17,Álvaro Melendez Amaya,Jose Luis Gonzalez,men,2026-05-26,2026-09-07,True,118,7,32,False,padelapi.org · elaboración propia,True
Pd17a916631,Adrian Naranjo Martinez,Pablo Sanchez Vicente,men,2026-02-12,2026-06-08,False,116,5,22,False,padelapi.org · elaboración propia,True
P49a99f3628,Daniel Windahl,Simon Vasquez,men,2026-05-29,2026-07-05,True,115,2,16,False,padelapi.org · elaboración propia,True
P083bd90bf8,Miguel Morales Domenech,Jordi Casanova Bataller,men,2026-02-18,2026-06-12,False,114,3,4,False,padelapi.org · elaboración propia,True
Pfe0c0a38a1,Filippo Nicocia,Alvaro Lopez Luque,men,2026-03-19,2026-07-11,False,114,5,25,False,padelapi.org · elaboración propia,True
P8422e230c6,Laura Lujan Rodriguez,Araceli Martinez,women,2026-05-22,2026-09-13,False,114,12,33,False,padelapi.org · elaboración propia,True
Pdbe53f3b6f,Juan Pablo Dametto,Felipe Calleja,men,2026-05-01,2026-08-21,False,112,4,24,False,padelapi.org · elaboración propia,True
Pf4e328d06c,Juan Carlos Gutierrez Guerrero,Adrian Molina Lopez,men,2026-05-22,2026-09-11,False,112,2,4,False,padelapi.org · elaboración propia,True
Pd2f675eb26,Bram Meijer,Menno Nolten,men,2026-05-22,2026-09-11,False,112,5,14,False,padelapi.org · elaboración propia,True
P6ce525ee99,Luis Soares Da Veiga,Manuel Correia,men,2026-05-22,2026-09-10,False,111,2,6,False,padelapi.org · elaboración propia,True
Pcc5ff9b040,Nuno Deus,Miguel Deus,men,2026-06-02,2026-09-19,True,111,9,26,False,padelapi.org · elaboración propia,True
P90ad7e793a,Alix Collombon,Jana Montes Cabruja,women,2026-01-22,2026-05-12,False,110,11,38,False,padelapi.org · elaboración propia,True
Pb54960685b,Raquel Eugenio Barrera,Martina Fassio Goyeneche,women,2026-04-18,2026-08-06,False,110,12,60,False,padelapi.org · elaboración propia,True
P2c650ad0b0,David Gala,Enzo Jensen,men,2026-05-26,2026-09-13,False,110,11,58,False,padelapi.org · elaboración propia,True
Paa3d630fa6,Martin Di Nenno,Francisco Navarro,men,2026-06-03,2026-09-12,True,110,9,60,False,padelapi.org · elaboración propia,True
Pe8a7894456,Inigo Jofre,Jairo Bautista,men,2026-06-03,2026-09-10,True,110,11,50,False,padelapi.org · elaboración propia,True
P4fc4869d62,Lucia Perez Parra,Catherine Rose,women,2026-02-18,2026-06-07,False,109,5,20,False,padelapi.org · elaboración propia,True
P7e2f2ecbe1,Cristobal Garcia Blanco,Pablo Castillo Valverde,men,2026-02-18,2026-06-07,False,109,2,12,False,padelapi.org · elaboración propia,True
Pa03a09939e,Maxi Sanchez,Juan Ignacio Rubini,men,2026-04-17,2026-08-04,False,109,11,42,False,padelapi.org · elaboración propia,True
Pa1bae5f50c,Tatsiana Kazlova,Liudmila Makedonskaia,women,2026-06-04,2026-06-25,True,109,2,4,False,padelapi.org · elaboración propia,True
P4ae5de0808,Valentino Acosta Kremnitzer,Sergi Nogueras Lorenz,men,2026-06-04,2026-08-14,True,109,2,6,False,padelapi.org · elaboración propia,True
Pbbbf5e6fc6,Edoardo Vittorio Galbusera,Alessandro Ciaccia,men,2026-06-05,2026-07-24,True,108,2,4,False,padelapi.org · elaboración propia,True
P35b3f9e13c,Claudia Escacena Montero,Monica Gomez Rivas,women,2026-01-22,2026-05-09,False,107,3,10,False,padelapi.org · elaboración propia,True
P6a1dc9f386,Sergio Icardo,Francisco Jurado Sosa,men,2026-02-18,2026-06-05,False,107,2,9,False,padelapi.org · elaboración propia,True
P2c2527d331,Aurelia Sara Argentieri,Olivia Çiftçi,women,2026-03-19,2026-07-04,False,107,4,8,False,padelapi.org · elaboración propia,True
P36b593260b,Emily Stellato,Giulia Sussarello,women,2026-03-27,2026-07-12,False,107,5,29,False,padelapi.org · elaboración propia,True
Pc4f09226c5,Eva Herrador Pizarro,Sofia Gulnova,women,2026-06-04,2026-09-19,False,107,2,4,False,padelapi.org · elaboración propia,True
P6aa7bd49d4,Jose Rico,Juan Cruz Forastello,men,2026-06-08,2026-09-12,True,105,2,10,False,padelapi.org · elaboración propia,True
P92c042e3f8,Teresa Navarro lopez-Barajas,Virginia Riera,women,2026-04-22,2026-08-04,False,104,11,40,False,padelapi.org · elaboración propia,True
P7a32ddc93c,Rodrigo Coello Manso,Adam Axelsson,men,2026-05-22,2026-09-03,False,104,5,17,False,padelapi.org · elaboración propia,True
P4e4410bf8c,Alexandra Silva,Mafalda Marques Fernandes,women,2026-03-06,2026-06-17,False,103,6,20,False,padelapi.org · elaboración propia,True
P1795f74d06,Vasileios Sioulis,Rayane Akram Hamou,men,2026-06-11,2026-09-10,True,102,2,6,False,padelapi.org · elaboración propia,True
Pc9192adeca,Carlotta Casali,Ana Dominguez Gracia,women,2026-02-04,2026-05-16,False,101,10,48,False,padelapi.org · elaboración propia,True
P6bbb86e31a,Michele Brambilla,Noa Bonnefoy,men,2026-06-02,2026-09-11,False,101,3,5,False,padelapi.org · elaboración propia,True
P08af452d50,Clement Geens,Dylan Guichard,men,2026-06-11,2026-09-20,False,101,9,46,False,padelapi.org · elaboración propia,True
Pb8d9722c52,Raquel Piltcher,Christina-Styliani Ntanou,women,2026-06-12,2026-09-20,True,101,7,34,False,padelapi.org · elaboración propia,True
P3c2d2ff400,Hiu Laam Chan,Yik Yan Law,women,2026-06-12,2026-09-19,True,101,3,14,False,padelapi.org · elaboración propia,True
Pfd1e1cff09,Chiali Chen,Chiasheng Lai,women,2026-06-12,2026-09-18,True,101,3,8,False,padelapi.org · elaboración propia,True
P793a3797b4,Shengkai Yang,Lei Xing,men,2026-06-12,2026-07-10,True,101,2,8,False,padelapi.org · elaboración propia,True
P15c0e4227a,Haoxuan He,Beihang Fu,men,2026-06-12,2026-07-10,True,101,2,6,False,padelapi.org · elaboración propia,True
P21a4552f73,Xusheng Wang,Xie Zongnan,men,2026-06-12,2026-07-09,True,101,2,4,False,padelapi.org · elaboración propia,True
Pd15760d611,Yuanqin Du,Xinjian Jiang,men,2026-06-12,2026-07-10,True,101,2,6,False,padelapi.org · elaboración propia,True
P0b1abf63f4,Ranran Zheng,Wu Wei,women,2026-06-12,2026-07-10,True,101,2,4,False,padelapi.org · elaboración propia,True
P22d988f880,Yanis Muesser,Philemon Raichman,men,2026-01-21,2026-05-01,False,100,4,12,True,padelapi.org · elaboración propia,True
P32854cdc8d,Clement Filho,Jules Marie,men,2026-01-21,2026-05-01,False,100,2,6,True,padelapi.org · elaboración propia,True
P57edb103e3,Lucas Campagnolo,Jairo Bautista,men,2026-02-04,2026-05-15,False,100,8,28,False,padelapi.org · elaboración propia,True
P550f48e936,Brittany Dubins,Camila Ramme Coellar,women,2026-06-12,2026-09-20,False,100,6,24,False,padelapi.org · elaboración propia,True
P3eb7656298,Fan Yang,Wenjie Wang,men,2026-06-13,2026-07-11,True,100,2,6,False,padelapi.org · elaboración propia,True
Pa0eb624d5e,Marta Borrero,Ksenia Sharifova,women,2026-02-04,2026-05-14,False,99,10,36,False,padelapi.org · elaboración propia,True
Pb3b4885669,Victoria Kurz,Natividad Lopez Diaz,women,2026-03-20,2026-06-27,False,99,5,20,False,padelapi.org · elaboración propia,True
P52b9bfcfd7,Janine Hemmes,Stephanie Weterings,women,2026-05-22,2026-08-29,False,99,2,10,False,padelapi.org · elaboración propia,True
P8d3402cfd9,Jadeleen Lee,Chun Wing Jennifer Sher,women,2026-06-12,2026-09-19,False,99,2,4,False,padelapi.org · elaboración propia,True
P7b20658ec3,Enzo Jensen,Luis Hernandez,men,2026-02-04,2026-05-13,False,98,7,32,False,padelapi.org · elaboración propia,True
P34aebd8d0a,Marcos Gonzalez Blanco,Martin Abud,men,2026-05-26,2026-09-01,False,98,8,35,False,padelapi.org · elaboración propia,True
Pc670686eb2,Juan Tello,Maximiliano Arce,men,2026-06-03,2026-09-09,False,98,10,27,False,padelapi.org · elaboración propia,True
Pf6b865b359,Victor Tur Checa,Agustin Reca,men,2026-06-04,2026-09-10,False,98,9,21,False,padelapi.org · elaboración propia,True
Pa2243753fc,Victor Ruiz,Mario Ortega,men,2026-06-02,2026-09-07,False,97,9,24,False,padelapi.org · elaboración propia,True
P3a175e47fd,Hugo Lorenzo Serrano,Daniel Maldonado Fornieles,men,2026-06-05,2026-09-10,False,97,4,12,False,padelapi.org · elaboración propia,True
Pc941b0a0d9,Pedro Melendez Amaya,Álvaro Melendez Amaya,men,2026-02-09,2026-05-16,False,96,5,24,False,padelapi.org · elaboración propia,True
Pb1b71a8f0d,Albert Roglan Pons,Manuel Aragon Herrera,men,2026-05-01,2026-08-04,False,95,9,21,False,padelapi.org · elaboración propia,True
P5dbdfc9ea3,Lou Lambert Agosti,Kimy Barla,women,2026-01-21,2026-04-25,False,94,2,3,True,padelapi.org · elaboración propia,True
Pd1e1ed626c,Francisco Navarro,Francisco Guerrero,men,2026-02-10,2026-05-15,False,94,8,38,False,padelapi.org · elaboración propia,True
Pcef91ec7a7,Marcos Gonzalez Blanco,Victor Mena,men,2026-02-12,2026-05-17,False,94,4,27,False,padelapi.org · elaboración propia,True
P5fcaeaa61e,Jose Jimenez,Javier Garcia,men,2026-04-13,2026-07-16,False,94,12,62,False,padelapi.org · elaboración propia,True
Pef155e9f26,Eva Vázquez Gracia,Maria Repullo Sala,women,2026-06-19,2026-07-30,True,94,2,4,False,padelapi.org · elaboración propia,True
P6893228058,Martin Di Nenno,Momo Gonzalez,men,2026-02-10,2026-05-14,False,93,9,40,False,padelapi.org · elaboración propia,True
P99655a24a3,Martina Minetti,Julia Isabella Wiese,women,2026-02-26,2026-05-30,False,93,2,8,False,padelapi.org · elaboración propia,True
Pb43cf34657,Gonzalo Alfonso,Javier Barahona,men,2026-04-13,2026-07-15,False,93,12,46,False,padelapi.org · elaboración propia,True
P0c3d45f0f0,Lea Godallier,Daiara Agustina Valenzuela,women,2026-06-20,2026-09-08,True,93,7,38,False,padelapi.org · elaboración propia,True
Pd37a8eefe0,Marina Lobo,Lara Arruabarrena,women,2026-02-04,2026-05-07,False,92,5,18,False,padelapi.org · elaboración propia,True
P38ca2b694d,Agustin Gutierrez,Salvador Oria,men,2026-02-09,2026-05-12,False,92,4,14,False,padelapi.org · elaboración propia,True
P1d80dc1b75,Nathan Perrot,Sacha Huard De La Marre,men,2026-04-23,2026-07-24,False,92,5,8,False,padelapi.org · elaboración propia,True
P1f73221aa8,Erika Mesa Martinez,Elia Pons Plazas,women,2026-05-01,2026-07-31,False,91,2,6,False,padelapi.org · elaboración propia,True
Paf73a98ee8,Naser Al Obaidly,Aram Kocharyan,men,2026-04-11,2026-07-09,False,89,2,4,False,padelapi.org · elaboración propia,True
Padbb7b28af,Maxime Joris,Jeremy Robert,men,2026-05-29,2026-08-26,False,89,3,13,False,padelapi.org · elaboración propia,True
Pe8babb2da8,Olivier Guy De Chamisso,Manuel Vives,men,2026-05-29,2026-08-26,False,89,5,16,False,padelapi.org · elaboración propia,True
P0cf19c641e,Ivet Val Lopez,Louise Bahurel,women,2026-06-12,2026-09-08,False,88,5,10,False,padelapi.org · elaboración propia,True
Pf922b96b5d,Ron Kester Ako Annan,Daniel Anum Quartey,men,2026-06-25,2026-09-17,True,88,2,4,False,padelapi.org · elaboración propia,True
P8da03229e6,Caterina Maria Baldi,Clarissa Margherita Aima,women,2026-03-19,2026-06-14,False,87,8,36,False,padelapi.org · elaboración propia,True
Pb124408084,Guillem Figuerola Santiago,Roberto Belmont Pastor,men,2026-02-26,2026-05-23,False,86,3,13,False,padelapi.org · elaboración propia,True
P20ed5dc405,Aurora Buscaino,Camilla Ronchini,women,2026-03-19,2026-06-13,False,86,3,5,False,padelapi.org · elaboración propia,True
Pe2646ebe12,Fran Ramirez Navas,Fakih Najib,men,2026-04-02,2026-06-26,False,85,2,6,False,padelapi.org · elaboración propia,True
Pa1d1031538,Pablo Garcia Rodrigo,Pablo Lijo,men,2026-04-21,2026-07-15,False,85,9,34,False,padelapi.org · elaboración propia,True
Pd51f66e73e,Bernardo Tavares,Manuel Sousa,men,2026-04-30,2026-07-24,False,85,4,10,False,padelapi.org · elaboración propia,True
P097921a134,Bruno Ferreira Pedrosa,Tiago Valério,men,2026-04-30,2026-07-24,False,85,4,8,False,padelapi.org · elaboración propia,True
P74ec34a7f1,Mateo Conte Gonzalez,Henrique Barbosa,men,2026-05-01,2026-07-25,False,85,3,10,False,padelapi.org · elaboración propia,True
P4c13612768,Javier Ruiz,Gonzalo Rubio,men,2026-01-21,2026-04-15,False,84,7,21,True,padelapi.org · elaboración propia,True
P170251f22b,Hamza Berrahou,Julien Biron,men,2026-04-02,2026-06-25,False,84,2,3,False,padelapi.org · elaboración propia,True
P2322678663,Alvaro Del Saz Garcia,Alejandro Guinaldo Martin,men,2026-05-22,2026-08-14,False,84,2,3,False,padelapi.org · elaboración propia,True
Pa9920280c0,Adrian Ronco Lopez,Julian Lacamoire,men,2026-02-18,2026-05-12,False,83,4,14,False,padelapi.org · elaboración propia,True
P5a56df78c4,Manuel Castaño,Enrique Goenaga,men,2026-06-17,2026-09-08,False,83,6,12,False,padelapi.org · elaboración propia,True
Pe48e11f5ad,Theo Suzanna,Tristan Piombo,men,2026-06-20,2026-09-11,False,83,4,10,False,padelapi.org · elaboración propia,True
P3410719506,Ignacio Sager,Juan Cruz Belluati,men,2026-04-22,2026-07-13,False,82,6,12,False,padelapi.org · elaboración propia,True
P8bc1070874,Albert Roglan Pons,Manuel Aragon Herrera,men,2026-05-15,2026-08-04,False,81,8,15,False,padelapi.org · elaboración propia,True
Pa5aab849c1,Claudia Escacena Montero,Monica Gomez Rivas,women,2026-02-18,2026-05-09,False,80,2,6,False,padelapi.org · elaboración propia,True
P1c9b02f042,Albin Olsson,Sten Richters,men,2026-07-03,2026-09-19,True,80,4,26,False,padelapi.org · elaboración propia,True
P805fc7d04f,Andres Martinez Cuquerella,Mathias Gonzalez Lambert,men,2026-07-03,2026-07-18,True,80,2,6,False,padelapi.org · elaboración propia,True
P73623d99dd,Laura Lujan Rodriguez,Araceli Martinez,women,2026-06-26,2026-09-13,False,79,8,13,False,padelapi.org · elaboración propia,True
P54cabf280c,Marjorie Croke,Moya Ryan,women,2026-07-04,2026-07-17,True,79,2,4,False,padelapi.org · elaboración propia,True
P4bcf499623,Alvaro Pozo Marroyo,Anselmo Guerrero Alvarez,men,2026-05-07,2026-07-24,False,78,3,4,False,padelapi.org · elaboración propia,True
Pe5d63e43b8,Lucia Peralta Exposito,Ariadna Cañellas Rodero,women,2026-02-18,2026-05-06,False,77,5,11,False,padelapi.org · elaboración propia,True
Pb6c64b204e,Salvador Ferreira Nunes Foios Simões,Vasco Pascoal,men,2026-03-06,2026-05-22,False,77,3,7,False,padelapi.org · elaboración propia,True
P157871cedb,Thomas Basso,Julien Biron,men,2026-06-11,2026-08-27,False,77,6,7,False,padelapi.org · elaboración propia,True
P556e5f5ca8,Boris Castro Garcia,Pau Miñano Ortinez,men,2026-06-25,2026-09-10,False,77,3,13,False,padelapi.org · elaboración propia,True
P01697299e8,Lea Godallier,Giorgia Marchetti,women,2026-02-09,2026-04-26,False,76,7,34,False,padelapi.org · elaboración propia,True
Pb8abb76467,Ana Elliot garcia-Montaner,Andrea Lima Ramirez,women,2026-07-08,2026-09-03,True,75,2,6,False,padelapi.org · elaboración propia,True
Pe621af6d42,Noemi Aguilar Carrillo,Letizia Maria Manquillo Alarza,women,2026-04-22,2026-07-05,False,74,9,25,False,padelapi.org · elaboración propia,True
P308898b700,Chris Salisbury,Alfonso Patacho,men,2026-05-22,2026-08-04,False,74,3,6,False,padelapi.org · elaboración propia,True
Pf6d52fa484,Lara Arruabarrena,Giorgia Marchetti,women,2026-07-09,2026-09-08,True,74,5,20,False,padelapi.org · elaboración propia,True
Pfdb12d133e,Johan Bergeron,Julien Seurin,men,2026-07-10,2026-09-19,True,73,5,16,False,padelapi.org · elaboración propia,True
P5a293ce4e3,Daniel Beneyto Sanchez,Lucas Orduña Dejoz,men,2026-07-10,2026-07-30,True,73,2,6,False,padelapi.org · elaboración propia,True
Pf7c2a1e1fc,Kai Groen,Mats Groen,men,2026-07-10,2026-09-11,True,73,3,12,False,padelapi.org · elaboración propia,True
Pa796160c30,Artem Matus,Cristian German Gutierrez,men,2026-04-02,2026-06-13,False,72,2,12,False,padelapi.org · elaboración propia,True
P33326e81c6,Angelina Neizvestnaya,Elsa Terranova,women,2026-06-05,2026-08-16,False,72,4,8,False,padelapi.org · elaboración propia,True
Pe174cbce29,Simone Vaccari,Matteo Rosingana,men,2026-06-11,2026-08-22,False,72,3,8,False,padelapi.org · elaboración propia,True
P2351018389,Aleix Pozo Rius,Juan Ignacio Franco,men,2026-07-08,2026-09-18,False,72,3,5,False,padelapi.org · elaboración propia,True
Pded04299b2,Daniel Maldonado Fornieles,Joa Takala,men,2026-02-26,2026-05-08,False,71,2,8,False,padelapi.org · elaboración propia,True
P2d0cbdd6ec,Andres Calzada Felici,Arturo Calzada Felici,men,2026-04-02,2026-06-12,False,71,4,10,False,padelapi.org · elaboración propia,True
P6ac510c5e6,Miguel Morales Domenech,Jordi Casanova Bataller,men,2026-04-02,2026-06-12,False,71,2,2,False,padelapi.org · elaboración propia,True
P578dad377e,Tolito Aguirre,Alejandro Arroyo,men,2026-04-14,2026-06-24,False,71,7,14,False,padelapi.org · elaboración propia,True
P6e10dcc0d5,Victoria Nicholas,Alice Keddie,women,2026-05-22,2026-08-01,False,71,2,6,False,padelapi.org · elaboración propia,True
P292277da68,Martin Noschese,Mohammad Tuwainah,men,2026-06-04,2026-08-14,False,71,2,3,False,padelapi.org · elaboración propia,True
P60e5c16a6a,Peter Potasch,Austin Varghese,men,2026-06-04,2026-08-14,False,71,2,4,False,padelapi.org · elaboración propia,True
P3e61b3784b,Juan Ignacio Franco,Pedro Carlos Garcia-Consuegra gutierrez,men,2026-06-12,2026-08-22,False,71,4,6,False,padelapi.org · elaboración propia,True
Pf9b55fc262,Joao Maria Caiano,Antonio Luque,men,2026-06-17,2026-08-27,False,71,3,6,False,padelapi.org · elaboración propia,True
P426f6372e3,Max Bjorkman,Jorge Angles Ponce,men,2026-05-22,2026-07-31,False,70,2,6,False,padelapi.org · elaboración propia,True
Pcd5d38003d,Marta Talavan,Jessica Castello Lopez,women,2026-07-01,2026-09-09,False,70,7,34,False,padelapi.org · elaboración propia,True
P4956f30bfe,Francisco Gil,Manuel Castaño,men,2026-04-17,2026-06-25,False,69,7,36,False,padelapi.org · elaboración propia,True
P91aa078e15,Matteo Maria Sperati,Lorenzo Mancini,men,2026-04-17,2026-06-25,False,69,4,7,False,padelapi.org · elaboración propia,True
P4a659c272a,Mara Lemes Lemes,Ainhoa Corrales Fernández,women,2026-05-22,2026-07-30,False,69,2,3,False,padelapi.org · elaboración propia,True
P9af6b7ff7d,Marina Guinart,Alejandra Alonso De Villa,women,2026-07-14,2026-09-11,True,69,5,30,False,padelapi.org · elaboración propia,True
P042e649989,Elena Martinez Brito,Valeria Canosa Del Valle,women,2026-05-01,2026-07-08,False,68,2,3,False,padelapi.org · elaboración propia,True
Pb356ac6592,Noemi Aguilar Carrillo,Letizia Maria Manquillo Alarza,women,2026-05-30,2026-08-06,False,68,8,20,False,padelapi.org · elaboración propia,True
P62ee0da4e6,Aranzazu Osoro Ulrich,Alejandra Salazar Bengoechea,women,2026-07-15,2026-09-11,True,68,6,34,False,padelapi.org · elaboración propia,True
P2ae8859845,Jana Montes Cabruja,Marta Barrera De La Fuente,women,2026-07-15,2026-09-20,True,68,7,36,False,padelapi.org · elaboración propia,True
P73d8a1a6b0,Juan Tello,Edu Alonso,men,2026-02-10,2026-04-17,False,66,5,24,False,padelapi.org · elaboración propia,True
Pea71d18869,Natalia Molinilla Paniagua,Maria Teresa Morinigo Gomez,women,2026-06-17,2026-08-22,False,66,3,7,False,padelapi.org · elaboración propia,True
P4a4056e120,Maximiliano Arce,Pablo Lijo,men,2026-02-09,2026-04-15,False,65,5,10,False,padelapi.org · elaboración propia,True
P68df6f3329,Aimar Goñi,Enrique Goenaga,men,2026-02-09,2026-04-15,False,65,5,18,False,padelapi.org · elaboración propia,True
P1542676896,Yoshino Kushima,Jessica Lucinda Palma La Cruz,women,2026-02-18,2026-04-24,False,65,2,3,False,padelapi.org · elaboración propia,True
Pf8f4146d10,Claudia Escacena Montero,Patricia Martinez Fortun,women,2026-06-02,2026-08-05,False,64,7,24,False,padelapi.org · elaboración propia,True
Pb6875e805d,Candela De Soroa Jimenez,Vega Cano Ortin,women,2026-07-08,2026-09-10,False,64,2,3,False,padelapi.org · elaboración propia,True
P96404ab350,Michal Skonieczny,Wojciech Szczesny,men,2026-05-01,2026-07-03,False,63,2,2,False,padelapi.org · elaboración propia,True
P6497e9b7f3,Bernardo Tavares,Manuel Sousa,men,2026-05-22,2026-07-24,False,63,2,2,False,padelapi.org · elaboración propia,True
P6ce1bf4230,Iara Filipa Pereira Rocha,Maria Leonor Araujo Teixeira,women,2026-05-22,2026-07-24,False,63,2,6,False,padelapi.org · elaboración propia,True
Pd37bfe9b56,Carla Rodriguez Sanchez,Mafalda Marques Fernandes,women,2026-06-25,2026-08-27,False,63,3,7,False,padelapi.org · elaboración propia,True
Pc1e268b097,Jake Bewley,Charlie Götke,men,2026-06-26,2026-08-28,False,63,3,6,False,padelapi.org · elaboración propia,True
P97691b079e,Carmen Castillon Gamez,Lorena Vano,women,2026-07-08,2026-09-09,False,63,6,16,False,padelapi.org · elaboración propia,True
P57f7b89e23,Louie Harris,Alexander Loughlan,men,2026-07-18,2026-09-19,False,63,2,3,False,padelapi.org · elaboración propia,True
P5db8df3536,Angela Navarro Garcia,Elena Herrera Segura,women,2026-05-07,2026-07-08,False,62,2,4,False,padelapi.org · elaboración propia,True
P8584d7049a,Maxime Joris,Bastien Blanque,men,2026-07-10,2026-09-10,False,62,2,7,False,padelapi.org · elaboración propia,True
Pd20a3cf713,Lucas Miranda Santos,Thomas Vanbauce,men,2026-07-10,2026-09-10,False,62,3,9,False,padelapi.org · elaboración propia,True
P03f6eaef0e,Daniel Martinez Otero,Diego Arredondo Garcia,men,2026-02-12,2026-04-12,False,59,2,8,False,padelapi.org · elaboración propia,True
Pc7ea055d6c,Jose Jimenez,Alejandro Arroyo,men,2026-07-24,2026-09-19,True,59,6,34,False,padelapi.org · elaboración propia,True
P2d77529c96,Joao Pedro Flores,Stefano Palma Flores,men,2026-07-24,2026-09-18,True,59,2,10,False,padelapi.org · elaboración propia,True
P15ed187dcb,Thiago Henrique Gasparin Santos,Gonzalo Escobar,men,2026-07-24,2026-09-17,True,59,2,6,False,padelapi.org · elaboración propia,True
P226b8b49e2,Francisca Bragança,Sofia Carmo Machado,women,2026-07-24,2026-09-17,True,59,2,4,False,padelapi.org · elaboración propia,True
P05b1a11ac4,Carmen Castillon Gamez,Maria Portillo Perez,women,2026-05-01,2026-06-28,False,58,6,26,False,padelapi.org · elaboración propia,True
P244ccc0b5a,Joel Olivera Palos,Antonio Varo Ramos,men,2026-05-07,2026-07-04,False,58,2,10,False,padelapi.org · elaboración propia,True
P1642aaab27,Marina Lobo,Julia Polo Bautista,women,2026-06-02,2026-07-30,False,58,4,16,False,padelapi.org · elaboración propia,True
P2af98c4985,Juan Pedro Ramirez Ruiz,Javier Nuñez Lopez,men,2026-07-08,2026-09-04,False,58,2,4,False,padelapi.org · elaboración propia,True
P4d58a37938,Higor Ensslin Alves,Matheus De Avila Simonato,men,2026-07-25,2026-09-17,True,58,2,4,False,padelapi.org · elaboración propia,True
P3606c305b0,Ignacio Alonso Chillaron,Marc Lupon Martinez,men,2026-02-26,2026-04-24,False,57,2,4,False,padelapi.org · elaboración propia,True
Pd75c01af01,Louie Harris,Alexander Loughlan,men,2026-05-22,2026-07-18,False,57,3,7,False,padelapi.org · elaboración propia,True
Pceaf652c93,Abby Ombler-Truran,Anna Zuka,women,2026-05-22,2026-07-18,False,57,2,6,False,padelapi.org · elaboración propia,True
P2101d24994,Daniel Luna Peinado,Nacho Moragues Moltò,men,2026-06-05,2026-08-01,False,57,4,28,False,padelapi.org · elaboración propia,True
P96e63ac93f,Nerea Guerrero Gonzalez,Leire Uriarte Medina,women,2026-07-08,2026-09-03,False,57,2,4,False,padelapi.org · elaboración propia,True
P3078907292,Carmen Ibañez Diaz,Marta Ortiz Montoya,women,2026-07-08,2026-09-03,False,57,3,3,False,padelapi.org · elaboración propia,True
P92750c13bc,Manuel Castaño,Enrique Goenaga,men,2026-07-13,2026-09-08,False,57,5,8,False,padelapi.org · elaboración propia,True
Pf03eaaf875,Victoria Iglesias Segador,Lorena Rufo Ortiz,women,2026-07-15,2026-09-10,False,57,6,30,False,padelapi.org · elaboración propia,True
P9561fe6945,Sofia Saiz Vallejo,Lucia Sainz Pelegri,women,2026-07-15,2026-09-10,False,57,5,12,False,padelapi.org · elaboración propia,True
Paf0815a702,Beatriz Ferreira,Maria Castro Quevedo Pereira,women,2026-03-06,2026-05-01,False,56,2,8,False,padelapi.org · elaboración propia,True
Pb92d116838,Alise Cernecka,Nora Leinus,women,2026-07-04,2026-08-29,False,56,2,8,False,padelapi.org · elaboración propia,True
Pc3bb17da01,Diego Dorta Diaz,Alfonso Sanchez Arriaga,men,2026-07-18,2026-09-12,False,56,3,12,False,padelapi.org · elaboración propia,True
Pc4b1055b97,Sofia Piaskowy Santos,Trinidad Del Real Bobadilla,women,2026-07-24,2026-09-18,False,56,3,7,False,padelapi.org · elaboración propia,True
P0dfc4bd924,Zé Alexandre Meireles,Salvador Ferreira Nunes Foios Simões,men,2026-07-24,2026-09-18,False,56,3,5,False,padelapi.org · elaboración propia,True
P955ba23f95,José Enrique Giménez Barcelona,Alex Blanco Sollet,men,2026-07-24,2026-09-18,False,56,4,15,False,padelapi.org · elaboración propia,True
P62504212b9,Gonzalo Alfonso,Tino Libaak,men,2026-07-27,2026-09-20,True,56,6,42,False,padelapi.org · elaboración propia,True
Pc4d8047e2b,Abigail Tordoff,Lisa Rachel Phillips,women,2026-03-06,2026-04-30,False,55,3,6,False,padelapi.org · elaboración propia,True
P78d9b159ca,Lorena Alonso De Lera,Francesca Ligotti,women,2026-03-06,2026-04-30,False,55,2,8,False,padelapi.org · elaboración propia,True
Pebbe4f354c,Yanis Muesser,Arthur Hugounenq,men,2026-07-17,2026-09-10,False,55,3,6,False,padelapi.org · elaboración propia,True
Pe976176df7,Mateo Conte Gonzalez,Henrique Barbosa,men,2026-07-24,2026-09-17,False,55,3,4,False,padelapi.org · elaboración propia,True
Pfd2f34adf0,Fabio Da Costa Araujo,Zè Pedro Ferreira,men,2026-07-24,2026-09-17,False,55,3,3,False,padelapi.org · elaboración propia,True
P134ccba019,Emilio Sanchez,Arnau Ayats,men,2026-07-28,2026-09-09,True,55,5,26,False,padelapi.org · elaboración propia,True
P8704a78d42,Francisco Gil,Pablo Lijo,men,2026-07-28,2026-09-11,True,55,6,26,False,padelapi.org · elaboración propia,True
P91c933b4ed,Natividad Lopez Diaz,Aida Martinez Sanjuan,women,2026-07-28,2026-09-09,True,55,2,6,False,padelapi.org · elaboración propia,True
P6ce0155871,Marcel Font,Pablo Reina Ambel,men,2026-07-28,2026-08-26,True,55,2,6,False,padelapi.org · elaboración propia,True
Pdd67cc60cb,Antonio Fernandez,Jose Luis Gonzalez,men,2026-02-09,2026-04-04,False,54,4,18,False,padelapi.org · elaboración propia,True
P18ddc21d23,Ramiro Pereyra,Jose Solano Marmolejo,men,2026-05-22,2026-07-15,False,54,2,6,False,padelapi.org · elaboración propia,True
Pfffc94a94d,Martina Parmigiani,Ana Varo Ramos,women,2026-02-04,2026-03-29,False,53,3,9,False,padelapi.org · elaboración propia,True
P49587c613d,Yoan Boronad,Timeo Fonteny,men,2026-06-05,2026-07-28,False,53,5,20,False,padelapi.org · elaboración propia,True
Pb29846f5a5,Barbara Las Heras,Daria Kucheriavaia,women,2026-07-29,2026-09-20,False,53,3,11,False,padelapi.org · elaboración propia,True
P6c83ca9777,Martina Calvo Santamaria,Claudia Fernandez Sanchez,women,2026-07-30,2026-09-13,True,53,4,30,False,padelapi.org · elaboración propia,True
P261f3c6f89,Sofia Araujo,Marta Ortega Gallego,women,2026-07-30,2026-09-12,True,53,4,24,False,padelapi.org · elaboración propia,True
Pa65673de12,Daniela Portilla Gomez,Claudia Ordoñez Romero,women,2026-07-30,2026-09-03,True,53,4,14,False,padelapi.org · elaboración propia,True
P55ce87276c,Amaia Arteta,Aitana Solan Domenech,women,2026-07-30,2026-09-18,True,53,2,8,False,padelapi.org · elaboración propia,True
P5f2926cd80,Fabiola Polvillo Camarero,Gema Calvo Perez,women,2026-07-30,2026-09-03,True,53,2,4,False,padelapi.org · elaboración propia,True
Pa0a9fc1a58,Agustin Torre,Alvaro Cepero,men,2026-05-22,2026-07-13,False,52,4,17,False,padelapi.org · elaboración propia,True
P077f363d0b,Alberto Lastortres Mancilla,Hugo Jimenez Reina,men,2026-07-31,2026-09-10,True,52,2,8,False,padelapi.org · elaboración propia,True
P0728b1f1d3,Camila Fassio Goyeneche,Carla Touly,women,2026-02-05,2026-03-28,False,51,4,18,False,padelapi.org · elaboración propia,True
Pbb834fb315,Matteo Sargolini,Matteo Platania,men,2026-05-07,2026-06-27,False,51,3,18,False,padelapi.org · elaboración propia,True
P2570ad2e47,Ignacio Piotto,Jose Antonio Diestro,men,2026-05-26,2026-07-16,False,51,7,26,False,padelapi.org · elaboración propia,True
P1c7b5d8375,Marcella Koek,Ana Varo Ramos,women,2026-08-01,2026-09-11,True,51,4,18,False,padelapi.org · elaboración propia,True
P2d462eed57,Inigo Jofre,Manuel Castaño,men,2026-02-04,2026-03-26,False,50,5,15,False,padelapi.org · elaboración propia,True
P63b9196843,Gonzalo Alfonso,Sanyo Gutierrez,men,2026-02-04,2026-03-26,False,50,5,24,False,padelapi.org · elaboración propia,True
P65878fdb8d,Javier Garcia,Javier Barahona,men,2026-02-05,2026-03-27,False,50,6,30,False,padelapi.org · elaboración propia,True
Pd632474786,Maximo Jesus Maldonado,Luciano Puppo,men,2026-03-13,2026-05-02,False,50,3,20,False,padelapi.org · elaboración propia,True
P1e49827f4e,Alica Repcikova,Anna Guryanova,women,2026-03-13,2026-05-02,False,50,2,5,False,padelapi.org · elaboración propia,True
P9f2714f7dc,Raquel Piltcher,Daiara Agustina Valenzuela,women,2026-04-14,2026-06-03,False,50,4,12,False,padelapi.org · elaboración propia,True
P6b97eae855,Asier Cabana Martin,Pier Giulio Farabbi,men,2026-04-23,2026-06-12,False,50,3,8,False,padelapi.org · elaboración propia,True
Pc8f150f24f,Chifumi Sato,Beatrice Gumulya,women,2026-04-24,2026-06-13,False,50,2,6,False,padelapi.org · elaboración propia,True
P782c2cd089,Naim Horacio Diaz,Antonio Graupera,men,2026-07-30,2026-09-18,False,50,2,7,False,padelapi.org · elaboración propia,True
P80d06c4287,Andres Fdz Lancha,Jose Antonio Diestro,men,2026-02-04,2026-03-25,False,49,6,13,False,padelapi.org · elaboración propia,True
P3527eae3a6,Victor Ruiz,Luciano Capra,men,2026-02-04,2026-03-25,False,49,5,20,False,padelapi.org · elaboración propia,True
P9d4b819a5b,Raquel Eugenio Barrera,Lucia Sainz Pelegri,women,2026-02-05,2026-03-26,False,49,5,18,False,padelapi.org · elaboración propia,True
Pf563d6146a,Tolito Aguirre,Alejandro Arroyo,men,2026-02-05,2026-03-26,False,49,6,32,False,padelapi.org · elaboración propia,True
Pa86975a6b8,Adrian Baamonde,Bohou Zhang,men,2026-04-24,2026-06-12,False,49,3,12,False,padelapi.org · elaboración propia,True
Pe977f43d53,Nathan Perrot,Sacha Huard De La Marre,men,2026-06-05,2026-07-24,False,49,4,4,False,padelapi.org · elaboración propia,True
Pe0be524457,Joyce Nouws,Merel Van Houten,women,2026-07-10,2026-08-28,False,49,2,6,False,padelapi.org · elaboración propia,True
Pfd8b1b1605,Samuel Alos Boal,Vasco Pascoal,men,2026-07-24,2026-09-11,False,49,2,9,False,padelapi.org · elaboración propia,True
Pb898bd40fa,Alba Vazquez Gracia,Jimena Diaz De La Iglesia,women,2026-08-01,2026-09-19,False,49,3,9,False,padelapi.org · elaboración propia,True
P2c6a5114e0,Laura Lujan Rodriguez,Ana Catarina Nogueira,women,2026-02-04,2026-03-24,False,48,5,13,False,padelapi.org · elaboración propia,True
Pf0ea002979,Maria Garin,Simone Simas,women,2026-07-24,2026-09-10,False,48,2,8,False,padelapi.org · elaboración propia,True
P8db1f36dd2,Jose Jimenez,Maxi Sanchez Blasco,men,2026-02-04,2026-03-23,False,47,8,36,False,padelapi.org · elaboración propia,True
P6698642ca3,Ignacio Piotto,Denis Tomas Perino,men,2026-02-04,2026-03-23,False,47,3,10,False,padelapi.org · elaboración propia,True
P1ed6862149,Nuno Deus,Thomas Leygue,men,2026-02-04,2026-03-23,False,47,5,14,False,padelapi.org · elaboración propia,True
Pa5c32f0cdc,Francisco Gil,Maxi Sanchez,men,2026-02-04,2026-03-23,False,47,5,18,False,padelapi.org · elaboración propia,True
Pa51455cbd8,Ignacio Sager,Juan Ignacio Rubini,men,2026-02-04,2026-03-23,False,47,5,16,False,padelapi.org · elaboración propia,True
Pc73c445bca,Javier Ruiz,Gonzalo Rubio,men,2026-05-07,2026-06-23,False,47,5,26,False,padelapi.org · elaboración propia,True
Pfdbdf6c9c0,Amanda Lopez Moral,Carla Touly,women,2026-05-08,2026-06-24,False,47,4,17,False,padelapi.org · elaboración propia,True
Pbae33cc818,Franco Dal Bianco,Maximo Jesus Maldonado,men,2026-06-08,2026-07-25,False,47,3,16,False,padelapi.org · elaboración propia,True
Pc8b19c7513,Nacho Vilariño,Juan Zamorà Perez,men,2026-08-04,2026-09-20,False,47,3,9,False,padelapi.org · elaboración propia,True
P12b02447c2,Camila Fassio Goyeneche,Aida Martinez Sanjuan,women,2026-04-18,2026-06-03,False,46,5,24,False,padelapi.org · elaboración propia,True
Pf68b0c6d0c,Lorena Alonso De Lera,Lucia Dionisio Laureano,women,2026-07-08,2026-08-23,False,46,2,10,False,padelapi.org · elaboración propia,True
P0feac24d1d,Guillermo Fernandez Sanchez,Alejandro Merino Nieto,men,2026-02-11,2026-03-28,False,45,3,10,False,padelapi.org · elaboración propia,True
Ped653166e3,Melissa Martin,Camille Sireix,women,2026-01-21,2026-03-06,False,44,4,8,True,padelapi.org · elaboración propia,True
P18d3627e54,Ramiro Valenzuela,Javier Martinez,men,2026-02-09,2026-03-25,False,44,3,16,False,padelapi.org · elaboración propia,True
P822ebad0e0,Facundo Dominguez,Juan Cruz Belluati,men,2026-02-09,2026-03-25,False,44,4,16,False,padelapi.org · elaboración propia,True
P6967bd37eb,David Gala,Pablo Garcia Rodrigo,men,2026-02-10,2026-03-26,False,44,5,16,False,padelapi.org · elaboración propia,True
P4f139f60af,Patricia Llaguno Zielinski,Martina Fassio Goyeneche,women,2026-02-10,2026-03-26,False,44,5,22,False,padelapi.org · elaboración propia,True
Pea33e0b425,Teresa Navarro lopez-Barajas,Virginia Riera,women,2026-02-10,2026-03-26,False,44,4,16,False,padelapi.org · elaboración propia,True
P2ea2f91d85,Eugenia Guimet Bigas,Anastasiia Ryzhova,women,2026-02-18,2026-04-03,False,44,2,6,False,padelapi.org · elaboración propia,True
Pa6dc0bd8a1,Maxi Sanchez Blasco,Sanyo Gutierrez,men,2026-06-02,2026-07-16,False,44,6,26,False,padelapi.org · elaboración propia,True
P4a8cea3c8f,Dylan Guichard,Bastien Blanque,men,2026-02-09,2026-03-24,False,43,2,6,False,padelapi.org · elaboración propia,True
P1803a2ea6c,Barbara Las Heras,Julia Polo Bautista,women,2026-02-09,2026-03-24,False,43,3,6,False,padelapi.org · elaboración propia,True
Pf8710a2ec7,Fabian Oviedo Berazategui,Santino Giuliani Lombardo,men,2026-03-19,2026-05-01,False,43,3,6,False,padelapi.org · elaboración propia,True
P7d41ee0f74,Alvaro Del Saz Garcia,Alejandro Guinaldo Martin,men,2026-04-10,2026-05-23,False,43,3,12,False,padelapi.org · elaboración propia,True
Paea51e8de3,Guillem Figuerola Santiago,Roberto Belmont Pastor,men,2026-07-10,2026-08-22,False,43,3,20,False,padelapi.org · elaboración propia,True
P57fe787548,Santiago Jose Pineda Cabello,Javier Ruiz,men,2026-07-27,2026-09-08,False,43,5,13,False,padelapi.org · elaboración propia,True
Pdb3fdc54ab,Marc Sintes Villalonga,Jose Antonio Diestro,men,2026-07-28,2026-09-09,False,43,4,10,False,padelapi.org · elaboración propia,True
P73fb33d179,Tolito Aguirre,Pablo Garcia Rodrigo,men,2026-07-28,2026-09-09,False,43,4,11,False,padelapi.org · elaboración propia,True
Peb50f42106,Javier Garcia,Alex Ruiz,men,2026-07-29,2026-09-10,False,43,5,18,False,padelapi.org · elaboración propia,True
Paddfe4ba1d,Fabian Oviedo Berazategui,Marco Cassetta,men,2026-07-31,2026-09-12,False,43,3,16,False,padelapi.org · elaboración propia,True
P6cefcfa3c0,Carla Mesa Salazar,Barbara Las Heras,women,2026-04-30,2026-06-11,False,42,4,19,False,padelapi.org · elaboración propia,True
Pccdec6eba8,Fran Ramirez Navas,Alejandro Calvo Perez,men,2026-05-02,2026-06-13,False,42,3,14,False,padelapi.org · elaboración propia,True
Pe8689f9bbc,Sanyo Gutierrez,Juanlu Esbri,men,2026-07-29,2026-09-09,False,42,4,18,False,padelapi.org · elaboración propia,True
Pd1cddbab11,Sandra Martinez Diaz,Helena Rousselet Novillo,women,2026-07-30,2026-09-10,False,42,3,6,False,padelapi.org · elaboración propia,True
P062799ce48,Daniele Catini,Vasileios Sioulis,men,2026-03-27,2026-05-07,False,41,3,7,False,padelapi.org · elaboración propia,True
P1111be67c3,Maxi Sanchez Blasco,Jose Antonio Diestro,men,2026-04-02,2026-05-13,False,41,6,32,False,padelapi.org · elaboración propia,True
P802fbf01a6,Relis Ferreyra,Mario Rodriguez Marcos,men,2026-06-19,2026-07-30,False,41,2,6,False,padelapi.org · elaboración propia,True
Pc974577c18,Facundo Dominguez,Denis Tomas Perino,men,2026-07-13,2026-08-23,False,41,4,20,False,padelapi.org · elaboración propia,True
P7088e64bce,Thomas Basso,Julien Biron,men,2026-07-17,2026-08-27,False,41,5,5,False,padelapi.org · elaboración propia,True
P8578183c0d,David Gala,Inigo Jofre,men,2026-04-02,2026-05-12,False,40,5,20,False,padelapi.org · elaboración propia,True
P853020cb64,Adrian Ronco Lopez,Julian Lacamoire,men,2026-04-02,2026-05-12,False,40,2,2,False,padelapi.org · elaboración propia,True
P0196b486ce,Marta Talavan,Sofia Saiz Vallejo,women,2026-04-14,2026-05-24,False,40,5,12,False,padelapi.org · elaboración propia,True
P792cc6725a,Jana Montes Cabruja,Lucia Sainz Pelegri,women,2026-05-22,2026-07-01,False,40,6,26,False,padelapi.org · elaboración propia,True
Pb6c8a44a2e,Xenia Clasca Vidiella,Carla Touly,women,2026-07-30,2026-09-08,False,40,3,8,False,padelapi.org · elaboración propia,True
P474c008a95,Andres Fdz Lancha,Enrique Goenaga,men,2026-05-01,2026-06-09,False,39,5,26,False,padelapi.org · elaboración propia,True
P0c138cd69e,Simone Iacovino,Lorenzo Di Giovanni,men,2026-02-18,2026-03-28,False,38,4,12,False,padelapi.org · elaboración propia,True
Pd8dca981b0,Facundo Dominguez,Teodoro Zapata,men,2026-05-01,2026-06-08,False,38,5,18,False,padelapi.org · elaboración propia,True
P6c75619338,Afonso Fazendeiro,Diogo Jesus,men,2026-06-17,2026-07-25,False,38,2,6,False,padelapi.org · elaboración propia,True
P72b459b4eb,Mike Tanoso,Bryan Husin,men,2026-08-14,2026-09-18,True,38,2,6,False,padelapi.org · elaboración propia,True
P342ea0e0ec,Kwan Lam Vincent Chau,Lok Pui Lawrence Lo,men,2026-08-14,2026-09-18,True,38,2,6,False,padelapi.org · elaboración propia,True
Pc7c9005fa9,Blanca Arriola Cerrejon,Maria Teresa Morinigo Gomez,women,2026-01-21,2026-02-27,False,37,3,12,True,padelapi.org · elaboración propia,True
P9105bed0a0,Letizia Dellagnese,Giulia Pisano,women,2026-03-19,2026-04-25,False,37,3,8,False,padelapi.org · elaboración propia,True
P8387eea8db,Douglas Rutgersson,Diogo Jesus,men,2026-04-23,2026-05-30,False,37,4,13,False,padelapi.org · elaboración propia,True
P080f26c018,Juan Manuel Lasgoity,Giuseppe Fino,men,2026-05-07,2026-06-13,False,37,2,7,False,padelapi.org · elaboración propia,True
Pdd7962fe2b,Anna Ortiz Gasco,Aida Martinez Sanjuan,women,2026-01-22,2026-02-27,False,36,3,18,False,padelapi.org · elaboración propia,True
P5a124232d6,Simone Cremona,Sten Richters,men,2026-03-27,2026-05-02,False,36,2,10,False,padelapi.org · elaboración propia,True
Pdf180d60e7,Bilal Duprat,Guillaume Ledrap,men,2026-04-23,2026-05-29,False,36,2,4,False,padelapi.org · elaboración propia,True
P4aae69e67b,Thomas Basso,Julien Biron,men,2026-04-24,2026-05-30,False,36,2,8,False,padelapi.org · elaboración propia,True
P8382c351c4,Jarrett Laabs,Theau Miklarz Ribeiro,men,2026-06-04,2026-07-10,False,36,2,4,False,padelapi.org · elaboración propia,True
P6614e771cf,Aris Patiniotis,Miguel Benitez,men,2026-06-08,2026-07-14,False,36,3,16,False,padelapi.org · elaboración propia,True
P2b6b2e9450,Venise Chan,Alba Perez Momha,women,2026-07-10,2026-08-15,False,36,2,9,False,padelapi.org · elaboración propia,True
Pd2a8f7be5d,Maria Rasmussen,Martina Minetti,women,2026-07-17,2026-08-22,False,36,2,12,False,padelapi.org · elaboración propia,True
P7fa648564d,Wing Chun Law,Hiu Wai Lau,women,2026-08-14,2026-09-19,False,36,2,3,False,padelapi.org · elaboración propia,True
P05bcdc3580,Simone Vaccari,Federico Galli,men,2026-03-19,2026-04-23,False,35,4,8,False,padelapi.org · elaboración propia,True
Pd5a9d88ff0,Maria Martinez Perez,Marta Eugenio Barrera,women,2026-03-27,2026-05-01,False,35,2,6,False,padelapi.org · elaboración propia,True
P6a5221dd82,Guillermo Fernandez Sanchez,Alejandro Merino Nieto,men,2026-05-07,2026-06-11,False,35,5,20,False,padelapi.org · elaboración propia,True
P0073d2f4c4,Simone Vaccari,Matteo Rosingana,men,2026-07-18,2026-08-22,False,35,2,4,False,padelapi.org · elaboración propia,True
P5a707f7548,Ramiro Pereyra,Jose Solano Marmolejo,men,2026-08-04,2026-09-08,False,35,3,7,False,padelapi.org · elaboración propia,True
P1cfcacd7f3,Facundo Erguy,Ali Dawani,men,2026-08-14,2026-09-18,False,35,2,4,False,padelapi.org · elaboración propia,True
Pb3c9e70635,Alexandra Silva,Catarina Santos Domingos,women,2026-07-24,2026-08-27,False,34,2,8,False,padelapi.org · elaboración propia,True
Pad4e02a037,Facundo Rodrigo Luis Lopez,Mariano Gonzalez,men,2026-02-09,2026-03-14,False,33,3,14,False,padelapi.org · elaboración propia,True
P1bf140da6b,Franco Dal Bianco,Facundo Rodrigo Luis Lopez,men,2026-04-09,2026-05-12,False,33,3,16,False,padelapi.org · elaboración propia,True
P9ff78b372d,Pablo Sanchez Vicente,Ignacio Archieri,men,2026-08-19,2026-09-20,True,33,4,24,False,padelapi.org · elaboración propia,True
P078490159a,Juan Manuel Argañaras,Oscar Matias Almada,men,2026-08-19,2026-09-11,True,33,3,12,False,padelapi.org · elaboración propia,True
P8e03eeb41b,Fernando Agustin Vega,Francisco Coirini,men,2026-08-19,2026-09-11,True,33,2,8,False,padelapi.org · elaboración propia,True
P59c2ebe1e2,Juan Pablo Castillo,Gianluca Reynafe,men,2026-08-19,2026-09-10,True,33,2,6,False,padelapi.org · elaboración propia,True
Pf406e189e1,Santiago Castro Recio,Jose Pablo Garza De La Peña,men,2026-08-19,2026-09-10,True,33,2,4,False,padelapi.org · elaboración propia,True
P80523af6f7,Laureano Martin Rey,Ayrton Matias Szyszcyc,men,2026-08-19,2026-09-11,True,33,2,6,False,padelapi.org · elaboración propia,True
Pe44ff65233,Jorge Rangel,Hector Dubuc,men,2026-08-19,2026-09-11,True,33,2,6,False,padelapi.org · elaboración propia,True
P9cbc375bff,Maximo Cornejo Gonzalez,Gaston Diaz,men,2026-08-19,2026-08-28,True,33,2,4,False,padelapi.org · elaboración propia,True
Pc0a62642e9,Marta Borrero,Giorgia Marchetti,women,2026-05-30,2026-07-01,False,32,5,20,False,padelapi.org · elaboración propia,True
P6189c97c7f,Sofia Luini,Maria Belen Mosca,women,2026-08-20,2026-09-18,True,32,2,8,False,padelapi.org · elaboración propia,True
Pc4ffae97c9,Nerea Derbis,Lorena Marruffo,women,2026-08-20,2026-08-29,True,32,2,4,False,padelapi.org · elaboración propia,True
Pbd294de316,Isak William Bäckman,Victor Forsberg,men,2026-08-20,2026-09-11,True,32,2,6,False,padelapi.org · elaboración propia,True
P552f2681ba,Simon Yitbarek,Max Bjorkman,men,2026-08-20,2026-09-19,True,32,3,14,False,padelapi.org · elaboración propia,True
Pc3c014b0ef,Victor Mena,Ignacio Archieri,men,2026-06-12,2026-07-13,False,31,2,10,False,padelapi.org · elaboración propia,True
P199d6645a3,Catherine Rose,Aimee Gibson,women,2026-07-04,2026-08-04,False,31,4,13,False,padelapi.org · elaboración propia,True
P45d1175a9d,Brittany Dubins,Camila Ramme Coellar,women,2026-08-20,2026-09-20,False,31,4,12,False,padelapi.org · elaboración propia,True
P96c0bfd7b0,Marina Lobo,Marta Arellano Navarro,women,2026-08-21,2026-09-09,True,31,4,16,False,padelapi.org · elaboración propia,True
Pa73f606845,Lorenzo Di Giovanni,Giuseppe Fino,men,2026-08-21,2026-09-11,True,31,2,8,False,padelapi.org · elaboración propia,True
P48cc003838,Sergio Nieto Simon,Douglas Rutgersson,men,2026-08-21,2026-09-10,True,31,2,8,False,padelapi.org · elaboración propia,True
P02723ba4b2,Marisol Fernandez Garcia,Ana Cristina Sanchez Perez,women,2026-02-18,2026-03-20,False,30,2,6,False,padelapi.org · elaboración propia,True
P4715b8a323,Guillermo Fernandez Sanchez,Alejandro Merino Nieto,men,2026-02-26,2026-03-28,False,30,2,4,False,padelapi.org · elaboración propia,True
P104b7d832f,Juan Ignacio Franco,Pedro Carlos Garcia-Consuegra gutierrez,men,2026-03-19,2026-04-18,False,30,2,6,False,padelapi.org · elaboración propia,True
P7da7781199,Luna Di Battista,Lea Jurković,women,2026-03-19,2026-04-18,False,30,2,6,False,padelapi.org · elaboración propia,True
P54fb8e617a,Karin Marlies Lems,Diana Lemeshko,women,2026-04-30,2026-05-30,False,30,3,6,False,padelapi.org · elaboración propia,True
P3c87566853,Theodore Garton,Jake Bewley,men,2026-08-20,2026-09-19,False,30,2,4,False,padelapi.org · elaboración propia,True
Pa3168dd360,Victor Ruiz,Sanyo Gutierrez,men,2026-04-14,2026-05-13,False,29,6,26,False,padelapi.org · elaboración propia,True
Pe5d8dadd51,Lucas Mañero Cervo Baeza,Lucas Allemandi,men,2026-04-24,2026-05-23,False,29,3,10,False,padelapi.org · elaboración propia,True
P14f8ef1377,Ignacio Tato Cantalapiedra,Miguel Muñoz Zurita,men,2026-05-07,2026-06-05,False,29,2,4,False,padelapi.org · elaboración propia,True
P2abc3a2b6b,Juan Ignacio Franco,Pedro Carlos Garcia-Consuegra gutierrez,men,2026-07-24,2026-08-22,False,29,3,4,False,padelapi.org · elaboración propia,True
Pfdfcc371d9,Diego Arredondo Garcia,Agustin Torre,men,2026-07-31,2026-08-29,False,29,3,7,False,padelapi.org · elaboración propia,True
P7d2f69545a,Pepe Aliaga,Alvaro Cepero,men,2026-08-21,2026-09-19,False,29,3,17,False,padelapi.org · elaboración propia,True
Pabde9ce833,Alejandro Urzola Abad,Alberto Gasca Romero,men,2026-01-21,2026-02-18,False,28,3,10,True,padelapi.org · elaboración propia,True
Pdfde4dd331,Gonzalo Sassano,Matteo Rosingana,men,2026-03-27,2026-04-24,False,28,2,10,False,padelapi.org · elaboración propia,True
P632430f522,Yanis Muesser,Arthur Hugounenq,men,2026-06-05,2026-07-03,False,28,3,8,False,padelapi.org · elaboración propia,True
P1a84622f53,Ai Liu,Minghui Wu,women,2026-06-12,2026-07-10,False,28,2,4,False,padelapi.org · elaboración propia,True
Pc0a89afd63,Camilla Livioni,Flavia Coppola,women,2026-08-22,2026-09-19,False,28,2,6,False,padelapi.org · elaboración propia,True
Pa0a70d33d1,Pablo Cardona,Javier Leal,men,2026-03-25,2026-04-21,False,27,3,4,False,padelapi.org · elaboración propia,True
P4bbd15bcf8,Clara Miret Llorach,Camilla Ronchini,women,2026-03-28,2026-04-24,False,27,2,3,False,padelapi.org · elaboración propia,True
P640a83e18d,Michal Bartusek,Ignacio Miguel Corbo,men,2026-06-11,2026-07-08,False,27,3,6,False,padelapi.org · elaboración propia,True
Pf27027029f,Ariadna Cañellas Rodero,Amanda Lopez Moral,women,2026-07-09,2026-08-05,False,27,3,12,False,padelapi.org · elaboración propia,True
P109ff47d75,Claudia Escacena Montero,Patricia Martinez Fortun,women,2026-07-09,2026-08-05,False,27,4,6,False,padelapi.org · elaboración propia,True
P9ff92b4ace,Albert Roglan Pons,Ferran Insa Sotillo,men,2026-03-19,2026-04-14,False,26,2,4,False,padelapi.org · elaboración propia,True
P5bbd54b550,Lucia Sainz Pelegri,Araceli Martinez,women,2026-04-18,2026-05-14,False,26,4,16,False,padelapi.org · elaboración propia,True
P362cc40414,Olivier Guy De Chamisso,Manuel Vives,men,2026-07-31,2026-08-26,False,26,2,4,False,padelapi.org · elaboración propia,True
P2554c55aa4,Miguel Yanguas,Jorge Nieto,men,2026-08-26,2026-09-10,True,26,3,24,False,padelapi.org · elaboración propia,True
P3fec86fc70,Jon Sanz,Franco Stupaczuk,men,2026-08-26,2026-09-11,True,26,3,20,False,padelapi.org · elaboración propia,True
Pb0999f30d8,Marta Borrero,Teresa Navarro lopez-Barajas,women,2026-08-26,2026-09-20,True,26,3,18,False,padelapi.org · elaboración propia,True
P30a32d83de,Marcos Cordoba,Alejandro Calvo Perez,men,2026-08-26,2026-09-19,True,26,3,10,False,padelapi.org · elaboración propia,True
Pbb5a2a14bf,Alvaro Lopez Luque,Hector Vazquez Lopez,men,2026-08-26,2026-09-20,True,26,3,14,False,padelapi.org · elaboración propia,True
P0253417714,Ena Indjin,Bojana Milutinovic,women,2026-08-26,2026-09-18,True,26,2,4,False,padelapi.org · elaboración propia,True
P44c4d368e8,Mario Huete,Marco Cassetta,men,2026-02-09,2026-03-06,False,25,2,4,False,padelapi.org · elaboración propia,True
Pf313261c61,Aris Patiniotis,Adam Axelsson,men,2026-03-24,2026-04-18,False,25,2,8,False,padelapi.org · elaboración propia,True
P2403917cab,Lucia Peralta Exposito,Ariadna Cañellas Rodero,women,2026-04-11,2026-05-06,False,25,3,5,False,padelapi.org · elaboración propia,True
P060cfa6b2b,Marcella Koek,Ana Cristina Sanchez Perez,women,2026-05-26,2026-06-20,False,25,3,6,False,padelapi.org · elaboración propia,True
P3a08f589dc,Sergio Icardo,Jordi Casanova Bataller,men,2026-07-28,2026-08-22,False,25,3,18,False,padelapi.org · elaboración propia,True
Pa1d76c2a41,Lucas Campagnolo,Jairo Bautista,men,2026-04-21,2026-05-15,False,24,3,8,False,padelapi.org · elaboración propia,True
P65baa65d19,Lautaro Mambrini,Matias Segura,men,2026-08-19,2026-09-12,False,24,3,18,False,padelapi.org · elaboración propia,True
Pb00f0ef98a,Nathan Courrin,Thomas Seux,men,2026-08-26,2026-09-19,False,24,2,3,False,padelapi.org · elaboración propia,True
P9f22665da3,Caterina Maria Baldi,Maria Portillo Perez,women,2026-02-04,2026-02-27,False,23,2,4,False,padelapi.org · elaboración propia,True
Pcafe2474b1,Janine Hemmes,Bo Luttikhuis,women,2026-02-04,2026-02-27,False,23,2,8,False,padelapi.org · elaboración propia,True
Pa71a8028ff,Inigo Jofre,Manuel Castaño,men,2026-03-03,2026-03-26,False,23,3,5,False,padelapi.org · elaboración propia,True
P3dc24d11b0,Miguel Oliveira,Zé Alexandre Meireles,men,2026-04-30,2026-05-23,False,23,3,10,False,padelapi.org · elaboración propia,True
Pc97b044cd9,Douglas Rutgersson,Diogo Jesus,men,2026-05-07,2026-05-30,False,23,3,7,False,padelapi.org · elaboración propia,True
P4d2e3b228a,Marta Talavan,Sofia Saiz Vallejo,women,2026-06-02,2026-06-25,False,23,3,5,False,padelapi.org · elaboración propia,True
P0078150b13,Luis Hernandez,Luciano Capra,men,2026-07-13,2026-08-05,False,23,3,10,False,padelapi.org · elaboración propia,True
P6d18212282,Veronica Virseda,Jimena Velasco Postiguillo,women,2026-07-14,2026-08-06,False,23,3,8,False,padelapi.org · elaboración propia,True
Pa5bf73ac73,Vinny Nahuel Di Francesco,Ivo Andenmatten Gudiño,men,2026-08-19,2026-09-11,False,23,3,16,False,padelapi.org · elaboración propia,True
P4a908b64de,Kevin Uriel Kviatkovski,Mirko Kloster,men,2026-08-19,2026-09-11,False,23,2,8,False,padelapi.org · elaboración propia,True
P6a53fe8f6c,Eugenia Guimet Bigas,Aimee Gibson,men,2026-08-29,2026-09-20,True,23,2,22,False,padelapi.org · elaboración propia,True
Pe82ab9d96d,Alba Gallardo Salvado,Alba Perez Momha,men,2026-08-29,2026-09-11,True,23,2,18,False,padelapi.org · elaboración propia,True
Pd7c3c7672e,Clara Mansart,Marie Amelie Dardaine,men,2026-08-29,2026-09-13,True,23,2,14,False,padelapi.org · elaboración propia,True
P8c62afeef9,Fitriani Sabatini,Fadona Kusuma,men,2026-08-29,2026-09-19,True,23,2,10,False,padelapi.org · elaboración propia,True
Pf699fc26f9,Aitana Garcia Roman,Catarina Santos Domingos,women,2026-02-04,2026-02-26,False,22,2,4,False,padelapi.org · elaboración propia,True
Pd341ed3e68,Andres Fdz Lancha,Jose Antonio Diestro,men,2026-03-03,2026-03-25,False,22,4,7,False,padelapi.org · elaboración propia,True
P1b455f9cc3,Arya Roghani,Nicolas Cordoba,men,2026-04-02,2026-04-24,False,22,2,6,False,padelapi.org · elaboración propia,True
P5e53567a4d,Pol Alsina,Enzo Chua,men,2026-04-02,2026-04-24,False,22,2,4,False,padelapi.org · elaboración propia,True
P940304fb99,Witold Konopko,Michal Wargocki,men,2026-04-10,2026-05-02,False,22,2,8,False,padelapi.org · elaboración propia,True
Pf94afa1f1d,Martin Abud,Miguel Lamperti,men,2026-04-14,2026-05-06,False,22,3,4,False,padelapi.org · elaboración propia,True
P748d3041a9,Nojus Poska,Skirmantas Macinskas,men,2026-04-30,2026-05-22,False,22,2,4,False,padelapi.org · elaboración propia,True
P359e020e7c,Victor Ortega Garcia,Javier Merino Nieto,men,2026-04-30,2026-05-22,False,22,2,6,False,padelapi.org · elaboración propia,True
Pdb488e3283,Martim Gomes,Gonçalo Costa Liberato,men,2026-04-30,2026-05-22,False,22,2,4,False,padelapi.org · elaboración propia,True
P3c093aea22,Diego Garcia Brito,Diogo Moreira,men,2026-05-07,2026-05-29,False,22,2,3,False,padelapi.org · elaboración propia,True
P0dffa529d0,Patricia Araus Lopez,Valeria Atencia Basilio,women,2026-05-26,2026-06-17,False,22,2,3,False,padelapi.org · elaboración propia,True
Pfce03442e0,Aitana Garcia Roman,Cayetana Sanchez Vera,women,2026-06-17,2026-07-09,False,22,2,6,False,padelapi.org · elaboración propia,True
P0aba164675,Tolito Aguirre,Alejandro Arroyo,men,2026-06-24,2026-07-16,False,22,2,3,False,padelapi.org · elaboración propia,True
Pa896425de3,Nathan Lambrechts,Maxime Deloyer,men,2026-07-10,2026-08-01,False,22,2,8,False,padelapi.org · elaboración propia,True
P527f64f872,Ramiro Valenzuela,Javier Martinez,men,2026-07-13,2026-08-04,False,22,3,6,False,padelapi.org · elaboración propia,True
Pc3110f9390,Andres Fdz Lancha,Gonzalo Rubio,men,2026-07-13,2026-08-04,False,22,4,14,False,padelapi.org · elaboración propia,True
Pa80505a6f6,Maxi Sanchez,Juan Ignacio Rubini,men,2026-07-13,2026-08-04,False,22,3,4,False,padelapi.org · elaboración propia,True
Pd4fda31617,Joel Olivera Palos,Antonio Varo Ramos,men,2026-07-31,2026-08-22,False,22,2,6,False,padelapi.org · elaboración propia,True
P9085103385,Matteo Sargolini,Bentahor Espino Mustafa,men,2026-08-20,2026-09-11,False,22,2,10,False,padelapi.org · elaboración propia,True
P5912eef639,Bram Meijer,Menno Nolten,men,2026-08-20,2026-09-11,False,22,2,4,False,padelapi.org · elaboración propia,True
Pfed3147596,Maximiliano Arce,Pablo Lijo,men,2026-03-04,2026-03-25,False,21,3,6,False,padelapi.org · elaboración propia,True
P9d979faa9d,Charlie Götke,Lasse Schramm Simonsen,men,2026-04-24,2026-05-15,False,21,2,6,False,padelapi.org · elaboración propia,True
P0c80d1ca02,Benjamin Dufour,Horia Vladimir Nedelcu,men,2026-05-01,2026-05-22,False,21,2,3,False,padelapi.org · elaboración propia,True
P11c441d9e5,Caterina Maria Baldi,Marta Borrero,women,2026-07-09,2026-07-30,False,21,3,12,False,padelapi.org · elaboración propia,True
P87802150ff,Noe Navarro Porras,Exequiel Mouriño,men,2026-08-21,2026-09-11,False,21,2,10,False,padelapi.org · elaboración propia,True
P652b6ae49e,Lucia Perez Parra,Clarinha Santos,women,2026-08-21,2026-09-11,False,21,3,10,False,padelapi.org · elaboración propia,True
P758f81d5ba,Andrea Mangiante,Ignacio Miguel Corbo,men,2026-04-17,2026-05-07,False,20,3,6,False,padelapi.org · elaboración propia,True
Pb9276eb374,Gonzalo Sassano,Noe Navarro Porras,men,2026-06-05,2026-06-25,False,20,3,9,False,padelapi.org · elaboración propia,True
Pbd1f086715,Juanlu Esbri,Alex Ruiz,men,2026-06-24,2026-07-14,False,20,3,5,False,padelapi.org · elaboración propia,True
P19bff733d2,Samuel Alos Boal,Marco Remolina Pablo,men,2026-07-31,2026-08-20,False,20,2,12,False,padelapi.org · elaboración propia,True
Pbd7f6c8e74,Nora Leinus,Abigail Tordoff,women,2026-08-01,2026-08-21,False,20,3,8,False,padelapi.org · elaboración propia,True
P32ce7f2343,Laura Jackson,Rosie Quirk,women,2026-08-22,2026-09-11,False,20,2,6,False,padelapi.org · elaboración propia,True
P990c173bb6,Aleix Pozo Rius,Juan Ignacio Franco,men,2026-08-29,2026-09-18,False,20,2,3,False,padelapi.org · elaboración propia,True
P1412d976b8,Juan Ignacio De Pascual,Alex Chozas,men,2026-09-01,2026-09-19,True,20,3,16,False,padelapi.org · elaboración propia,True
P62a1b0032c,Franco Dal Bianco,Facundo Rodrigo Luis Lopez,men,2026-09-01,2026-09-18,True,20,3,14,False,padelapi.org · elaboración propia,True
P03b84fead8,Javier Martinez,Luis Hernandez,men,2026-09-01,2026-09-10,True,20,2,10,False,padelapi.org · elaboración propia,True
P76138b10c5,Ramiro Valenzuela,Daniel Santigosa,men,2026-09-01,2026-09-20,True,20,4,24,False,padelapi.org · elaboración propia,True
P76f681a782,Ignacio Piotto,Juan Ignacio Rubini,men,2026-09-01,2026-09-09,True,20,2,8,False,padelapi.org · elaboración propia,True
P5e2ca61b93,Antonio Fernandez,Mario Del Castillo,men,2026-09-01,2026-09-20,True,20,3,12,False,padelapi.org · elaboración propia,True
P9f67b4d414,Maxi Sanchez,Luciano Capra,men,2026-09-01,2026-09-08,True,20,2,4,False,padelapi.org · elaboración propia,True
P7514782d4f,Gonzalo Rubio,Alvaro Montiel Caruso,men,2026-09-01,2026-09-20,True,20,3,16,False,padelapi.org · elaboración propia,True
Pa55354c7be,Aris Patiniotis,Diego Garcia Garcia,men,2026-09-01,2026-09-19,True,20,3,16,False,padelapi.org · elaboración propia,True
P19149a0d5c,Claudia Escacena Montero,Noemi Aguilar Carrillo,women,2026-09-01,2026-09-09,True,20,2,6,False,padelapi.org · elaboración propia,True
P4d16503160,Flavio Abbate,Alonso Rodriguez Martinez,men,2026-09-01,2026-09-08,True,20,2,10,False,padelapi.org · elaboración propia,True
Pe949c9c068,Camila Fassio Goyeneche,Amanda Lopez Moral,women,2026-09-01,2026-09-19,True,20,3,10,False,padelapi.org · elaboración propia,True
P4ba8bc3edd,Aris Patiniotis,Agustin Torre,men,2026-01-21,2026-02-09,False,19,2,10,True,padelapi.org · elaboración propia,True
Pf2e5dee9b3,Arnau Ayats,Alvaro Cepero,men,2026-01-21,2026-02-09,False,19,2,12,True,padelapi.org · elaboración propia,True
Pefd271cf94,Abigail Tordoff,Lisa Rachel Phillips,women,2026-04-11,2026-04-30,False,19,2,2,False,padelapi.org · elaboración propia,True
P2f502fc431,Antonio Fernandez,Adrian Marques Berdonce,men,2026-05-26,2026-06-14,False,19,2,7,False,padelapi.org · elaboración propia,True
P8d8753c136,Chris Salisbury,Alfonso Patacho,men,2026-07-16,2026-08-04,False,19,2,2,False,padelapi.org · elaboración propia,True
P18a8898820,Noemi Aguilar Carrillo,Letizia Maria Manquillo Alarza,women,2026-07-18,2026-08-06,False,19,3,9,False,padelapi.org · elaboración propia,True
P4f8d9c01f2,Anna Ortiz Gasco,Victoria Kurz,women,2026-08-22,2026-09-10,False,19,3,12,False,padelapi.org · elaboración propia,True
Pa5260d223c,Clement Geens,Dylan Guichard,men,2026-09-01,2026-09-20,False,19,3,8,False,padelapi.org · elaboración propia,True
Pc6f355732a,Jimena Velasco Postiguillo,Raquel Eugenio Barrera,women,2026-09-02,2026-09-20,True,19,3,14,False,padelapi.org · elaboración propia,True
P7f7a48048e,Veronica Virseda,Martina Fassio Goyeneche,women,2026-09-02,2026-09-10,True,19,2,6,False,padelapi.org · elaboración propia,True
Pb1d508f52e,Julieta Evangelina Bidahorria,Virginia Riera,women,2026-09-02,2026-09-20,True,19,3,12,False,padelapi.org · elaboración propia,True
Pb22ee47cf8,Carolina Orsi,Araceli Martinez,women,2026-02-09,2026-02-27,False,18,2,10,False,padelapi.org · elaboración propia,True
P3a91a9d890,Laura Lujan Rodriguez,Ana Catarina Nogueira,women,2026-03-06,2026-03-24,False,18,3,5,False,padelapi.org · elaboración propia,True
P8cb5745363,Antonio Fernandez,Denis Tomas Perino,men,2026-04-24,2026-05-12,False,18,4,22,False,padelapi.org · elaboración propia,True
Pcb0ace8e75,Rebeca Lopez Lopez,Anna Ortiz Gasco,women,2026-05-08,2026-05-26,False,18,2,6,False,padelapi.org · elaboración propia,True
P38ea577d75,Adrian Naranjo Martinez,Teodoro Zapata,men,2026-08-04,2026-08-22,False,18,2,8,False,padelapi.org · elaboración propia,True
Pdc2b6a2bc1,Afonso Fazendeiro,Javier Garcia Caro,men,2026-09-03,2026-09-11,True,18,2,6,False,padelapi.org · elaboración propia,True
Pc318a13391,Pablo Chacon Diaz,Ivan Del Águila Navarro,men,2026-09-03,2026-09-10,True,18,2,4,False,padelapi.org · elaboración propia,True
P9004e334a2,Emilio Sanchez,Alberto Garcia Trabanco,men,2026-06-02,2026-06-19,False,17,2,8,False,padelapi.org · elaboración propia,True
P86c628a58b,Rebeca Lopez Lopez,Blanca Arriola Cerrejon,women,2026-07-08,2026-07-25,False,17,3,14,False,padelapi.org · elaboración propia,True
P2efc260800,Catherine Rose,Aimee Gibson,women,2026-07-18,2026-08-04,False,17,3,9,False,padelapi.org · elaboración propia,True
P75b657bc2a,Dora Andrejszki,Elsa Terranova,women,2026-02-18,2026-03-06,False,16,2,6,False,padelapi.org · elaboración propia,True
P532008f5a8,Boris Castro Garcia,Diego Dorta Diaz,men,2026-02-18,2026-03-06,False,16,2,8,False,padelapi.org · elaboración propia,True
Pba9e82b144,Manon Marcarie,Cassandra Senjean,women,2026-02-26,2026-03-14,False,16,3,12,False,padelapi.org · elaboración propia,True
P55e63ff6b4,Maria Garin,Margarida Fernandes,women,2026-04-30,2026-05-16,False,16,3,12,False,padelapi.org · elaboración propia,True
P780d8071ca,Marcos Gonzalez Blanco,Victor Mena,men,2026-05-01,2026-05-17,False,16,2,7,False,padelapi.org · elaboración propia,True
P9d3c52e826,Monica Gomez Rivas,Marta Arellano Navarro,women,2026-06-02,2026-06-18,False,16,2,6,False,padelapi.org · elaboración propia,True
P43ec139b23,Alvaro Pozo Marroyo,Anselmo Guerrero Alvarez,men,2026-07-08,2026-07-24,False,16,2,2,False,padelapi.org · elaboración propia,True
P7d0a7f18d2,Jorge Correa Cordoba,Javier Del Cacho Cidoncha,men,2026-07-08,2026-07-24,False,16,2,4,False,padelapi.org · elaboración propia,True
Pa65051d511,Michela Zaccagnini,Giuditta Beltrami,women,2026-08-26,2026-09-11,False,16,2,6,False,padelapi.org · elaboración propia,True
P2a24dee0da,Juan Pablo Castillo,Alvaro Del Saz Garcia,men,2026-02-11,2026-02-26,False,15,2,6,False,padelapi.org · elaboración propia,True
P94188219d5,Letizia Maria Manquillo Alarza,Melania Merino Saez,women,2026-02-18,2026-03-05,False,15,3,18,False,padelapi.org · elaboración propia,True
P7e8f958b9e,Giorgio Saputo,Arnau Carbonell Ortells,men,2026-04-23,2026-05-08,False,15,2,6,False,padelapi.org · elaboración propia,True
P17ebb67fd0,Carina Costa,Maria Castro Quevedo Pereira,women,2026-05-07,2026-05-22,False,15,2,4,False,padelapi.org · elaboración propia,True
Pb18fb2a99b,Carmen Villar Gonzalez,Florencia Lucila Berraz Vivas,women,2026-05-07,2026-05-22,False,15,2,6,False,padelapi.org · elaboración propia,True
P6c525da5b8,Emily Stellato,Giulia Sussarello,women,2026-06-27,2026-07-12,False,15,2,7,False,padelapi.org · elaboración propia,True
P5eea542b35,Aitana Garcia Roman,Ainize Santamaria Landa,women,2026-08-14,2026-08-29,False,15,3,8,False,padelapi.org · elaboración propia,True
P40e3a563ae,Borja Trujillo Chang,Miguel Morales Domenech,men,2026-08-14,2026-08-29,False,15,3,20,False,padelapi.org · elaboración propia,True
P9d33c30d55,Javier Garcia,Alex Ruiz,men,2026-08-26,2026-09-10,False,15,3,8,False,padelapi.org · elaboración propia,True
Pfe8de9deb3,Alejandro Merino Nieto,José Enrique Giménez Barcelona,men,2026-08-26,2026-09-10,False,15,2,3,False,padelapi.org · elaboración propia,True
P8c402e4e5b,Yanis Muesser,Arthur Hugounenq,men,2026-08-26,2026-09-10,False,15,2,2,False,padelapi.org · elaboración propia,True
P01c9747848,Alejandro Correa,Nicolas Peña Ruiz,men,2026-09-03,2026-09-18,False,15,2,3,False,padelapi.org · elaboración propia,True
P3aa3ec6417,Alfonso Diaz Ponce,Jaime Lobo Wordsworth,men,2026-09-03,2026-09-18,False,15,2,4,False,padelapi.org · elaboración propia,True
P4982f9cb99,Yoan Boronad,Jeremy Robert,men,2026-01-21,2026-02-04,False,14,2,6,True,padelapi.org · elaboración propia,True
Pf83264135e,Louise Bahurel,Lucile Pothier,women,2026-01-21,2026-02-04,False,14,2,4,True,padelapi.org · elaboración propia,True
P8ff345e818,Fran Ramirez Navas,Mustafa Gokhan Gunes,men,2026-02-12,2026-02-26,False,14,2,4,False,padelapi.org · elaboración propia,True
P2dbe531da5,Alvaro Pozo Marroyo,José Enrique Giménez Barcelona,men,2026-03-06,2026-03-20,False,14,2,6,False,padelapi.org · elaboración propia,True
P39e6a8fa96,Singgih Ario Suselo,Neils Koesoemahadi,men,2026-04-10,2026-04-24,False,14,2,4,False,padelapi.org · elaboración propia,True
P53865586ba,Jaime Martin Cano,Adrian Molina Lopez,men,2026-05-01,2026-05-15,False,14,3,6,False,padelapi.org · elaboración propia,True
P5823400f01,Thomas Vanbauce,Philemon Raichman,men,2026-06-05,2026-06-19,False,14,2,5,False,padelapi.org · elaboración propia,True
Pc4c59fcd96,Nathan Lambrechts,Romain Sichez,men,2026-06-05,2026-06-19,False,14,3,6,False,padelapi.org · elaboración propia,True
Pe0a9e4ac90,Clara Mansart,Marie Amelie Dardaine,women,2026-06-06,2026-06-20,False,14,2,12,False,padelapi.org · elaboración propia,True
Pcf977dcf37,Sandra Bellver Fructuoso,Anna Cortiles,women,2026-07-18,2026-08-01,False,14,2,12,False,padelapi.org · elaboración propia,True
P86594b191b,Alba Gallardo Salvado,Alba Perez Momha,women,2026-07-18,2026-08-01,False,14,3,7,False,padelapi.org · elaboración propia,True
Pabde941d94,Carmen Castillon Gamez,Lorena Vano,women,2026-08-26,2026-09-09,False,14,3,8,False,padelapi.org · elaboración propia,True
Pf6e1f19597,Nacho Moragues Moltò,Timeo Fonteny,men,2026-09-07,2026-09-20,True,14,2,12,False,padelapi.org · elaboración propia,True
P258369d840,Santiago Jose Pineda Cabello,Javier Ruiz,men,2026-08-26,2026-09-08,False,13,3,5,False,padelapi.org · elaboración propia,True
Pf9a3452954,Xenia Clasca Vidiella,Carla Touly,women,2026-08-26,2026-09-08,False,13,2,2,False,padelapi.org · elaboración propia,True
Pdfc79f8cfc,Nacho Vilariño,Juan Zamorà Perez,men,2026-09-07,2026-09-20,False,13,2,7,False,padelapi.org · elaboración propia,True
Pfc6bd01c6f,Monica Gomez Rivas,Julia Polo Bautista,women,2026-09-08,2026-09-19,True,13,2,8,False,padelapi.org · elaboración propia,True
Pe03d0832b3,Sandra Bellver Fructuoso,Ana Dominguez Gracia,women,2026-09-08,2026-09-12,True,13,2,8,False,padelapi.org · elaboración propia,True
P951e787e89,Aris Patiniotis,Javier Martinez,men,2026-04-30,2026-05-12,False,12,3,14,False,padelapi.org · elaboración propia,True
Pc1c2aeb261,Laura Lujan Rodriguez,Ana Catarina Nogueira,women,2026-04-30,2026-05-12,False,12,3,18,False,padelapi.org · elaboración propia,True
Pda8f2debca,Arnau Ayats,Denis Tomas Perino,men,2026-06-02,2026-06-14,False,12,3,14,False,padelapi.org · elaboración propia,True
P7a5bc13d51,Ignacio Sager,Juan Cruz Belluati,men,2026-07-01,2026-07-13,False,12,2,2,False,padelapi.org · elaboración propia,True
P881c29974a,Lou Lambert Agosti,Cassandra Senjean,women,2026-07-18,2026-07-30,False,12,2,4,False,padelapi.org · elaboración propia,True
P0cb183e8ab,Javier Ruiz,Gonzalo Rubio,men,2026-03-18,2026-03-29,False,11,3,8,False,padelapi.org · elaboración propia,True
P61bf1d644d,Naim Horacio Diaz,Santino Contreras,men,2026-05-01,2026-05-12,False,11,2,10,False,padelapi.org · elaboración propia,True
P0d62578e30,Lucia Peralta Exposito,Maria Laura Ferreyra,women,2026-06-20,2026-07-01,False,11,3,12,False,padelapi.org · elaboración propia,True
Pcf1610316f,Agueda Perez Ortiz,Marta Caparros Maldonado,men,2026-08-29,2026-09-09,False,11,4,30,False,padelapi.org · elaboración propia,True
Pb103ee3c3c,Letizia Maria Manquillo Alarza,Lucia Martinez Gomez,women,2026-09-02,2026-09-13,False,11,2,6,False,padelapi.org · elaboración propia,True
Pa83c5f8111,Juan Pablo Dametto,Luciano Puppo,men,2026-09-10,2026-09-18,True,11,2,10,False,padelapi.org · elaboración propia,True
P15dba511ae,Albert Roglan Pons,Manuel Aragon Herrera,men,2026-09-10,2026-09-17,True,11,2,12,False,padelapi.org · elaboración propia,True
Pefadbf5595,Sergio Icardo,Borja Trujillo Chang,men,2026-09-10,2026-09-19,True,11,2,12,False,padelapi.org · elaboración propia,True
P6f85ed2bb9,Abigail Tordoff,Lisa Rachel Phillips,women,2026-09-10,2026-09-18,True,11,2,4,False,padelapi.org · elaboración propia,True
Pc942e19fd4,Antonio Luque,Diogo Jesus,men,2026-09-10,2026-09-18,True,11,2,10,False,padelapi.org · elaboración propia,True
P6966c29c4b,Bernardo Tavares,Henrique Orge,men,2026-09-10,2026-09-17,True,11,2,4,False,padelapi.org · elaboración propia,True
P68281e0205,Iara Filipa Pereira Rocha,Florencia Lucila Berraz Vivas,women,2026-09-10,2026-09-17,True,11,2,4,False,padelapi.org · elaboración propia,True
P5a84424338,Romain Sichez,Jules Marie,men,2026-09-10,2026-09-18,True,11,2,6,False,padelapi.org · elaboración propia,True
P267f08ef45,Nathan Lambrechts,Maxime De Roose,men,2026-09-10,2026-09-19,True,11,2,6,False,padelapi.org · elaboración propia,True
P8e0831bbf6,Tiago Valério,Manuel Sousa,men,2026-09-10,2026-09-17,True,11,2,6,False,padelapi.org · elaboración propia,True
Pe86b5bf778,Bruno Ferreira Pedrosa,Ricardo Martins,men,2026-09-10,2026-09-17,True,11,2,4,False,padelapi.org · elaboración propia,True
Pf7d1d3ce4e,Gabriel Morbey Basso,Martim Silva,men,2026-09-10,2026-09-17,True,11,2,4,False,padelapi.org · elaboración propia,True
P6c045887eb,Bruna Brayer Silva,Maria Domingues Dos Reis Pascoal,women,2026-09-10,2026-09-17,True,11,2,4,False,padelapi.org · elaboración propia,True
P44e4ff52ea,Julie Razafindranaly,Steffi Merah,women,2026-04-02,2026-04-12,False,10,2,10,False,padelapi.org · elaboración propia,True
P828e9fed1e,Blanca Arriola Cerrejon,Ana Varo Ramos,women,2026-05-16,2026-05-26,False,10,2,8,False,padelapi.org · elaboración propia,True
P13ceff8fb4,Aitana Garcia Roman,Giorgia Rosi,women,2026-05-26,2026-06-05,False,10,2,6,False,padelapi.org · elaboración propia,True
Pbd5db21653,Diego Arredondo Garcia,Agustin Torre,men,2026-08-19,2026-08-29,False,10,2,3,False,padelapi.org · elaboración propia,True
P43ec4f349a,Adrian Ronco Lopez,Teodoro Zapata,men,2026-03-19,2026-03-28,False,9,2,12,False,padelapi.org · elaboración propia,True
Pa99f16ab21,Riccardo Sinicropi,Matteo Platania,men,2026-03-19,2026-03-28,False,9,2,10,False,padelapi.org · elaboración propia,True
P0554a92f27,Letizia Maria Manquillo Alarza,Carolina Orsi,women,2026-03-20,2026-03-29,False,9,2,16,False,padelapi.org · elaboración propia,True
P36fa6b2f17,Sergio Tierno Herrero,Guillermo Fernandez Sanchez,men,2026-04-02,2026-04-11,False,9,2,6,False,padelapi.org · elaboración propia,True
P74c2ba8928,Gonzalo Sassano,Francisco Britos,men,2026-05-07,2026-05-16,False,9,2,12,False,padelapi.org · elaboración propia,True
P212e7d6450,Jaume Romera Barcelo,Ignacio Archieri,men,2026-05-29,2026-06-07,False,9,2,10,False,padelapi.org · elaboración propia,True
P1e77f8279d,Lea Godallier,Ariadna Cañellas Rodero,women,2026-06-02,2026-06-11,False,9,2,6,False,padelapi.org · elaboración propia,True
P9932549093,Carla Mesa Salazar,Barbara Las Heras,women,2026-06-02,2026-06-11,False,9,2,3,False,padelapi.org · elaboración propia,True
P31f200eda7,Lucia Martinez Gomez,Marta Arellano Navarro,women,2026-07-24,2026-08-02,False,9,2,14,False,padelapi.org · elaboración propia,True
P58f555bf11,Ignacio Piotto,Juan Cruz Belluati,men,2026-07-28,2026-08-06,False,9,2,10,False,padelapi.org · elaboración propia,True
P09fbbb9457,Fiorella Agostina Propato San Martin,Julia Giusti Gomes,women,2026-08-20,2026-08-29,False,9,2,4,False,padelapi.org · elaboración propia,True
P437288600d,Denis Tomas Perino,Andres Fdz Lancha,men,2026-09-01,2026-09-10,False,9,3,8,False,padelapi.org · elaboración propia,True
P83cca1d5bb,Blanca Arriola Cerrejon,Maria Teresa Morinigo Gomez,women,2026-09-03,2026-09-12,False,9,2,12,False,padelapi.org · elaboración propia,True
P071c99105f,Diego Dorta Diaz,Alfonso Sanchez Arriaga,men,2026-09-03,2026-09-12,False,9,2,6,False,padelapi.org · elaboración propia,True
Pa25eaf92a1,Fabian Oviedo Berazategui,Marco Cassetta,men,2026-09-03,2026-09-12,False,9,2,6,False,padelapi.org · elaboración propia,True
Pa2a6ce862c,Pepe Aliaga,Alvaro Cepero,men,2026-09-10,2026-09-19,False,9,2,7,False,padelapi.org · elaboración propia,True
P341ade0bb4,Gustavo Nunes,Anton Sans,men,2026-09-10,2026-09-19,False,9,2,5,False,padelapi.org · elaboración propia,True
P1c689f70b5,Brittany Dubins,Margarida Fernandes,women,2026-02-26,2026-03-06,False,8,2,6,False,padelapi.org · elaboración propia,True
P8140573df8,Jeremy Robert,Arthur Hugounenq,men,2026-02-26,2026-03-06,False,8,2,4,False,padelapi.org · elaboración propia,True
P889d2254b8,Francisco Britos,Mauricio A Rivero,men,2026-03-19,2026-03-27,False,8,2,6,False,padelapi.org · elaboración propia,True
Pe0d12efe7a,Mario Huete,Adrian Marques Berdonce,men,2026-03-19,2026-03-27,False,8,2,4,False,padelapi.org · elaboración propia,True
P072be86b9d,Facundo Dehnike,Dylan Demian Cuello,men,2026-03-19,2026-03-27,False,8,2,10,False,padelapi.org · elaboración propia,True
Pf861589739,Stefano Indomenico,Leonardo Abbate,men,2026-03-19,2026-03-27,False,8,2,4,False,padelapi.org · elaboración propia,True
P8d4e7e6c2c,Leonid Poliakov,Javier Mena Moreno,men,2026-04-02,2026-04-10,False,8,2,4,False,padelapi.org · elaboración propia,True
P8011789962,Diego Dorta Diaz,Thomas Leygue,men,2026-04-24,2026-05-02,False,8,2,10,False,padelapi.org · elaboración propia,True
P11ec907391,Pau Miñano Ortinez,Pepe Aliaga,men,2026-04-24,2026-05-02,False,8,2,14,False,padelapi.org · elaboración propia,True
Pdc9bf1bf37,Jaime Perez Martin,Alejandro Navas Balaguer,men,2026-04-30,2026-05-08,False,8,2,6,False,padelapi.org · elaboración propia,True
P181cbe9995,Theo Suzanna,Tristan Piombo,men,2026-05-07,2026-05-15,False,8,2,6,False,padelapi.org · elaboración propia,True
P2e45140a76,Javier Martinez,Luis Hernandez,men,2026-05-26,2026-06-03,False,8,2,6,False,padelapi.org · elaboración propia,True
P3cc93db3ea,Carlos Perez Cabeza,Enzo Chua,men,2026-06-04,2026-06-12,False,8,2,4,False,padelapi.org · elaboración propia,True
P7087655bdf,Robert Moore,Marc Bernils Garcia,men,2026-06-04,2026-06-12,False,8,2,4,False,padelapi.org · elaboración propia,True
Pac1902ccbe,Isak William Bäckman,Max Bjorkman,men,2026-06-25,2026-07-03,False,8,2,6,False,padelapi.org · elaboración propia,True
P4064f16fb8,Maxi Sanchez Blasco,Daniel Santigosa,men,2026-07-28,2026-08-05,False,8,2,8,False,padelapi.org · elaboración propia,True
P4e0e4f6986,Maaike Betz,Liza Groenveld,women,2026-08-21,2026-08-29,False,8,2,12,False,padelapi.org · elaboración propia,True
P8765e072e7,Guillermo Fernandez Sanchez,Alvaro Pozo Marroyo,men,2026-08-26,2026-09-03,False,8,2,6,False,padelapi.org · elaboración propia,True
Pb8f3258afc,Marc Sintes Villalonga,Jose Antonio Diestro,men,2026-09-01,2026-09-09,False,8,2,4,False,padelapi.org · elaboración propia,True
P4f3f00705a,Carla Mesa Salazar,Barbara Las Heras,women,2026-09-01,2026-09-09,False,8,2,6,False,padelapi.org · elaboración propia,True
P04ba751471,Maxi Sanchez Blasco,Javier Barahona,men,2026-09-02,2026-09-10,False,8,2,8,False,padelapi.org · elaboración propia,True
Pa6cb43fb33,Carmen Villar Gonzalez,Patricia Roman Aldea,women,2026-09-03,2026-09-11,False,8,2,4,False,padelapi.org · elaboración propia,True
Pc3609567ee,Zé Alexandre Meireles,Salvador Ferreira Nunes Foios Simões,men,2026-09-10,2026-09-18,False,8,2,3,False,padelapi.org · elaboración propia,True
Pff0bbd9633,Juan Pablo Dametto,Mateo Rivero,men,2026-02-12,2026-02-19,False,7,2,8,False,padelapi.org · elaboración propia,True
Pff86c7c0b9,Noemi Aguilar Carrillo,Sandra Bellver Fructuoso,women,2026-02-26,2026-03-05,False,7,2,12,False,padelapi.org · elaboración propia,True
P6cff06af6b,Noe Navarro Porras,Andres Britos,men,2026-03-27,2026-04-03,False,7,2,10,False,padelapi.org · elaboración propia,True
Pfe5d9ff9e4,Pablo Cardona,Javier Leal,men,2026-04-14,2026-04-21,False,7,2,2,False,padelapi.org · elaboración propia,True
Peaa223bac7,Alejandro Merino Nieto,José Enrique Giménez Barcelona,men,2026-04-17,2026-04-24,False,7,2,4,False,padelapi.org · elaboración propia,True
Pe40bf272cf,Nerea Herrero,Iara Filipa Pereira Rocha,women,2026-04-30,2026-05-07,False,7,2,4,False,padelapi.org · elaboración propia,True
Pa872fd61ff,Miguel Benitez,Francisco Jurado Sosa,men,2026-05-01,2026-05-08,False,7,2,12,False,padelapi.org · elaboración propia,True
P2c59e1d69e,Aleix Pozo Rius,Jorrit Hazebroek,men,2026-05-22,2026-05-29,False,7,2,6,False,padelapi.org · elaboración propia,True
P6623878e21,Pedro Perry,Juan Zamorà Perez,men,2026-06-17,2026-06-24,False,7,2,4,False,padelapi.org · elaboración propia,True
Pbabbafe3e8,Pablo Sanchez Vicente,Juan Zamorà Perez,men,2026-07-08,2026-07-15,False,7,2,6,False,padelapi.org · elaboración propia,True
P5124cd5554,Alex Chozas,Javier Barahona,men,2026-07-29,2026-08-05,False,7,2,4,False,padelapi.org · elaboración propia,True
P974831654c,Carla Rodriguez Sanchez,Mafalda Marques Fernandes,women,2026-08-20,2026-08-27,False,7,2,3,False,padelapi.org · elaboración propia,True
Peb6db183c3,Sandra Martinez Diaz,Helena Rousselet Novillo,women,2026-09-03,2026-09-10,False,7,2,4,False,padelapi.org · elaboración propia,True
Pa39c1ecc6a,Mateo Conte Gonzalez,Henrique Barbosa,men,2026-09-10,2026-09-17,False,7,2,2,False,padelapi.org · elaboración propia,True
P8e720e75b3,Nicolas Suescun,Alejandro Calvo Perez,men,2026-02-12,2026-02-18,False,6,2,6,False,padelapi.org · elaboración propia,True
P75a2bc4690,Kazuki Tomita,Mostafa Hesham,men,2026-02-12,2026-02-18,False,6,2,4,False,padelapi.org · elaboración propia,True
Pb72900d45d,Ainize Santamaria Landa,Coral Alvarez Castro,women,2026-02-26,2026-03-04,False,6,2,4,False,padelapi.org · elaboración propia,True
P8ac35dff02,Raquel Eugenio Barrera,Lucia Sainz Pelegri,women,2026-03-20,2026-03-26,False,6,2,6,False,padelapi.org · elaboración propia,True
P27036a8867,Alberto Micali,Giulio Lovascio,men,2026-04-17,2026-04-23,False,6,2,4,False,padelapi.org · elaboración propia,True
P690a5b9345,Constanca Gorito,Clarinha Santos,women,2026-04-25,2026-05-01,False,6,2,10,False,padelapi.org · elaboración propia,True
P3206931d1d,Tolito Aguirre,Alejandro Arroyo,men,2026-06-03,2026-06-09,False,6,2,3,False,padelapi.org · elaboración propia,True
Pb638408d1e,Alfonso Sanchez Arriaga,Samuel Rivas Garcia,men,2026-06-18,2026-06-24,False,6,2,4,False,padelapi.org · elaboración propia,True
Pffd3c4d18e,Joao Maria Caiano,Antonio Luque,men,2026-08-21,2026-08-27,False,6,2,4,False,padelapi.org · elaboración propia,True
P2b2909cf54,Aurora Buscaino,Luna Di Battista,women,2026-08-21,2026-08-27,False,6,2,8,False,padelapi.org · elaboración propia,True
P1fbae58da8,Victor Ruiz,Mario Ortega,men,2026-09-01,2026-09-07,False,6,2,2,False,padelapi.org · elaboración propia,True
P58c8d3ab25,Francisco Cabeza Teres,Teodoro Zapata,men,2026-02-04,2026-02-09,False,5,2,4,False,padelapi.org · elaboración propia,True
P13e3737efa,Martin Abud,Miguel Lamperti,men,2026-05-01,2026-05-06,False,5,2,2,False,padelapi.org · elaboración propia,True
P5242e73117,Facundo Dehnike,Marcel Font,men,2026-05-01,2026-05-06,False,5,2,6,False,padelapi.org · elaboración propia,True
P1fd5a70d6c,Felicitas Darboure,Alice Radu,women,2026-08-21,2026-08-26,False,5,2,6,False,padelapi.org · elaboración propia,True
Pf8fad4c35f,Martina Parmigiani,Carla Touly,women,2026-04-18,2026-04-22,False,4,2,6,False,padelapi.org · elaboración propia,True
Pe3a2e8f564,Teodoro Zapata,Alvaro Cepero,men,2026-07-24,2026-07-27,False,3,2,6,False,padelapi.org · elaboración propia,True
