fecha_dato,sexo,ranking,jugador_nombre,nacionalidad,edad,altura_cm,lado_pista,mano,fuente_txt,publicable
2026-09-21,F,42,Agueda Perez Ortiz,ES,19,167,backhand,,padelapi.org · elaboración propia,True
2026-09-21,M,1,Agustin Tapia,AR,27,179,backhand,right,padelapi.org · elaboración propia,True
2026-09-21,M,84,Agustin Torre,AR,31,182,backhand,right,padelapi.org · elaboración propia,True
2026-09-21,F,66,Aida Martinez Sanjuan,ES,33,164,drive,,padelapi.org · elaboración propia,True
2026-09-21,M,32,Aimar Goñi,ES,20,190,backhand,right,padelapi.org · elaboración propia,True
2026-09-21,F,91,Aimee Gibson,GB,35,160,drive,,padelapi.org · elaboración propia,True
2026-09-21,F,97,Ainize Santamaria Landa,ES,20,171,backhand,,padelapi.org · elaboración propia,True
2026-09-21,F,77,Alba Perez Momha,ES,27,165,backhand,,padelapi.org · elaboración propia,True
2026-09-21,M,89,Albert Roglan Pons,ES,27,190,drive,,padelapi.org · elaboración propia,True
2026-09-21,F,14,Alejandra Alonso De Villa,ES,20,169,backhand,,padelapi.org · elaboración propia,True
2026-09-21,F,13,Alejandra Salazar Bengoechea,ES,40,168,drive,,padelapi.org · elaboración propia,True
2026-09-21,M,28,Alejandro Arroyo,ES,24,188,backhand,right,padelapi.org · elaboración propia,True
2026-09-21,M,3,Alejandro Galan,ES,30,186,backhand,right,padelapi.org · elaboración propia,True
2026-09-21,M,31,Alex Chozas,AR,23,186,backhand,right,padelapi.org · elaboración propia,True
2026-09-21,M,24,Alex Ruiz,ES,32,187,drive,left,padelapi.org · elaboración propia,True
2026-09-21,F,38,Alix Collombon,FR,33,174,drive,,padelapi.org · elaboración propia,True
2026-09-21,M,45,Alonso Rodriguez Martinez,ES,23,185,backhand,right,padelapi.org · elaboración propia,True
2026-09-21,M,64,Alvaro Cepero,ES,35,167,drive,right,padelapi.org · elaboración propia,True
2026-09-21,M,79,Álvaro Melendez Amaya,ES,26,175,backhand,right,padelapi.org · elaboración propia,True
2026-09-21,M,63,Alvaro Montiel Caruso,IT,21,180,backhand,right,padelapi.org · elaboración propia,True
2026-09-21,F,51,Amanda Lopez Moral,ES,18,163,backhand,,padelapi.org · elaboración propia,True
2026-09-21,F,61,Ana Catarina Nogueira,PT,48,171,backhand,,padelapi.org · elaboración propia,True
2026-09-21,F,78,Ana Dominguez Gracia,ES,21,172,backhand,,padelapi.org · elaboración propia,True
2026-09-21,F,98,Ana Varo Ramos,ES,26,165,drive,,padelapi.org · elaboración propia,True
2026-09-21,F,7,Andrea Ustero Prieto,ES,19,170,drive,,padelapi.org · elaboración propia,True
2026-09-21,M,73,Andres Fdz Lancha,ES,21,192,backhand,right,padelapi.org · elaboración propia,True
2026-09-21,F,79,Anna Ortiz Gasco,ES,21,167,backhand,,padelapi.org · elaboración propia,True
2026-09-21,M,59,Antonio Fernandez,ES,34,180,backhand,right,padelapi.org · elaboración propia,True
2026-09-21,F,37,Araceli Martinez,ES,26,162,backhand,,padelapi.org · elaboración propia,True
2026-09-21,F,17,Aranzazu Osoro Ulrich,AR,30,166,drive,,padelapi.org · elaboración propia,True
2026-09-21,F,59,Ariadna Cañellas Rodero,ES,23,165,drive,,padelapi.org · elaboración propia,True
2026-09-21,F,3,Ariana Sanchez Fallada,ES,29,165,backhand,,padelapi.org · elaboración propia,True
2026-09-21,M,87,Aris Patiniotis,IT,34,175,drive,right,padelapi.org · elaboración propia,True
2026-09-21,M,98,Arnau Ayats,AE,26,185,backhand,right,padelapi.org · elaboración propia,True
2026-09-21,M,1,Arturo Coello,ES,24,190,drive,left,padelapi.org · elaboración propia,True
2026-09-21,F,60,Barbara Las Heras,ES,32,161,drive,,padelapi.org · elaboración propia,True
2026-09-21,F,18,Beatriz Caldera Sanchez,ES,25,164,drive,,padelapi.org · elaboración propia,True
2026-09-21,F,4,Beatriz Gonzalez Fernandez,ES,24,174,backhand,,padelapi.org · elaboración propia,True
2026-09-21,F,100,Bo Luttikhuis,NL,27,,drive,,padelapi.org · elaboración propia,True
2026-09-21,F,70,Brittany Dubins,US,34,178,backhand,,padelapi.org · elaboración propia,True
2026-09-21,F,69,Camila Fassio Goyeneche,ES,19,170,backhand,,padelapi.org · elaboración propia,True
2026-09-21,F,71,Camila Ramme Coellar,MX,25,157,backhand,,padelapi.org · elaboración propia,True
2026-09-21,F,68,Carla Fernandez Gonzalez,ES,19,160,backhand,,padelapi.org · elaboración propia,True
2026-09-21,F,81,Carla Mesa Salazar,ES,35,168,backhand,,padelapi.org · elaboración propia,True
2026-09-21,F,90,Carla Touly,FR,30,162,backhand,,padelapi.org · elaboración propia,True
2026-09-21,F,85,Carlotta Casali,IT,33,170,backhand,,padelapi.org · elaboración propia,True
2026-09-21,F,89,Carmen Castillon Gamez,ES,24,179,backhand,,padelapi.org · elaboración propia,True
2026-09-21,F,18,Carmen Goenaga Garcia,ES,22,167,backhand,,padelapi.org · elaboración propia,True
2026-09-21,F,92,Carolina Navarro Björk,SE,50,165,backhand,,padelapi.org · elaboración propia,True
2026-09-21,F,30,Carolina Orsi,IT,35,178,drive,,padelapi.org · elaboración propia,True
2026-09-21,F,80,Caterina Maria Baldi,IT,29,165,drive,,padelapi.org · elaboración propia,True
2026-09-21,F,93,Catherine Rose,GB,27,166,drive,,padelapi.org · elaboración propia,True
2026-09-21,F,86,Clarissa Margherita Aima,IT,25,166,drive,,padelapi.org · elaboración propia,True
2026-09-21,F,58,Claudia Escacena Montero,ES,19,162,backhand,,padelapi.org · elaboración propia,True
2026-09-21,F,6,Claudia Fernandez Sanchez,ES,20,164,drive,,padelapi.org · elaboración propia,True
2026-09-21,F,10,Claudia Jensen,AR,21,158,drive,,padelapi.org · elaboración propia,True
2026-09-21,M,69,Clement Geens,BE,30,180,backhand,right,padelapi.org · elaboración propia,True
2026-09-21,F,55,Daiara Agustina Valenzuela,AR,22,168,backhand,,padelapi.org · elaboración propia,True
2026-09-21,M,54,Daniel Santigosa,ES,22,180,drive,right,padelapi.org · elaboración propia,True
2026-09-21,M,34,David Gala,ES,20,182,backhand,right,padelapi.org · elaboración propia,True
2026-09-21,F,1,Delfina Brea Senesi,AR,26,170,drive,,padelapi.org · elaboración propia,True
2026-09-21,M,71,Denis Tomas Perino,IT,30,174,drive,left,padelapi.org · elaboración propia,True
2026-09-21,M,78,Diego Garcia Garcia,ES,20,190,backhand,right,padelapi.org · elaboración propia,True
2026-09-21,M,72,Dylan Guichard,FR,26,190,drive,left,padelapi.org · elaboración propia,True
2026-09-21,M,17,Edu Alonso,ES,25,180,drive,right,padelapi.org · elaboración propia,True
2026-09-21,M,77,Emilio Sanchez,ES,23,185,backhand,right,padelapi.org · elaboración propia,True
2026-09-21,F,88,Emily Stellato,IT,44,176,drive,,padelapi.org · elaboración propia,True
2026-09-21,M,55,Enrique Goenaga,ES,24,180,drive,right,padelapi.org · elaboración propia,True
2026-09-21,M,41,Enzo Jensen,IT,20,174,drive,left,padelapi.org · elaboración propia,True
2026-09-21,F,95,Eugenia Guimet Bigas,ES,25,172,backhand,,padelapi.org · elaboración propia,True
2026-09-21,M,86,Facundo Dominguez,IT,28,172,backhand,right,padelapi.org · elaboración propia,True
2026-09-21,M,80,Facundo Rodrigo Luis Lopez,AR,22,190,backhand,,padelapi.org · elaboración propia,True
2026-09-21,M,3,Federico Chingotto,AR,29,170,drive,right,padelapi.org · elaboración propia,True
2026-09-21,M,57,Federico Mouriño,AR,26,175,drive,right,padelapi.org · elaboración propia,True
2026-09-21,M,99,Felipe Calleja,AR,25,185,drive,,padelapi.org · elaboración propia,True
2026-09-21,M,51,Flavio Abbate,IT,22,184,drive,left,padelapi.org · elaboración propia,True
2026-09-21,M,49,Francisco Cabeza Teres,ES,18,180,drive,right,padelapi.org · elaboración propia,True
2026-09-21,M,62,Francisco Gil,ES,30,185,drive,right,padelapi.org · elaboración propia,True
2026-09-21,M,13,Francisco Guerrero,ES,23,176,drive,right,padelapi.org · elaboración propia,True
2026-09-21,M,7,Francisco Navarro,ES,37,181,backhand,right,padelapi.org · elaboración propia,True
2026-09-21,M,91,Franco Dal Bianco,AR,26,180,backhand,right,padelapi.org · elaboración propia,True
2026-09-21,M,8,Franco Stupaczuk,AR,30,180,backhand,right,padelapi.org · elaboración propia,True
2026-09-21,F,1,Gemma Triay Pons,ES,34,173,backhand,,padelapi.org · elaboración propia,True
2026-09-21,F,54,Giorgia Marchetti,IT,31,178,backhand,,padelapi.org · elaboración propia,True
2026-09-21,F,26,Giulia Dal Pozzo,IT,21,168,drive,,padelapi.org · elaboración propia,True
2026-09-21,F,96,Giulia Sussarello,IT,34,160,backhand,,padelapi.org · elaboración propia,True
2026-09-21,M,26,Gonzalo Alfonso,AR,30,170,backhand,right,padelapi.org · elaboración propia,True
2026-09-21,M,56,Gonzalo Rubio,ES,35,183,drive,left,padelapi.org · elaboración propia,True
2026-09-21,M,39,Guillermo Collado,ES,21,180,backhand,right,padelapi.org · elaboración propia,True
2026-09-21,M,52,Ignacio Piotto,AR,24,176,backhand,right,padelapi.org · elaboración propia,True
2026-09-21,M,88,Ignacio Sager,ES,29,198,backhand,right,padelapi.org · elaboración propia,True
2026-09-21,M,30,Inigo Jofre,AE,26,185,drive,right,padelapi.org · elaboración propia,True
2026-09-21,M,23,Jairo Bautista,ES,25,190,backhand,right,padelapi.org · elaboración propia,True
2026-09-21,F,34,Jana Montes Cabruja,ES,18,172,drive,,padelapi.org · elaboración propia,True
2026-09-21,M,36,Javier Barahona,ES,28,179,drive,left,padelapi.org · elaboración propia,True
2026-09-21,M,22,Javier Garcia,ES,25,177,backhand,right,padelapi.org · elaboración propia,True
2026-09-21,M,20,Javier Garrido,ES,25,184,backhand,right,padelapi.org · elaboración propia,True
2026-09-21,M,16,Javier Leal,ES,23,175,backhand,right,padelapi.org · elaboración propia,True
2026-09-21,M,48,Javier Martinez,ES,29,173,drive,right,padelapi.org · elaboración propia,True
2026-09-21,M,65,Javier Ruiz,ES,39,183,backhand,right,padelapi.org · elaboración propia,True
2026-09-21,M,97,Javier Valdes,CL,30,175,drive,right,padelapi.org · elaboración propia,True
2026-09-21,F,29,Jessica Castello Lopez,ES,28,169,backhand,,padelapi.org · elaboración propia,True
2026-09-21,F,31,Jimena Velasco Postiguillo,ES,22,175,drive,,padelapi.org · elaboración propia,True
2026-09-21,M,10,Jon Sanz,ES,25,175,drive,left,padelapi.org · elaboración propia,True
2026-09-21,M,12,Jorge Nieto,ES,27,175,backhand,right,padelapi.org · elaboración propia,True
2026-09-21,M,44,Jose Antonio Diestro,ES,37,183,drive,left,padelapi.org · elaboración propia,True
2026-09-21,M,29,Jose Jimenez,ES,22,180,drive,left,padelapi.org · elaboración propia,True
2026-09-21,M,68,Jose Luis Gonzalez,ES,28,180,drive,left,padelapi.org · elaboración propia,True
2026-09-21,M,91,Jose Solano Marmolejo,ES,26,170,drive,right,padelapi.org · elaboración propia,True
2026-09-21,M,85,Juan Cruz Belluati,AR,32,176,drive,left,padelapi.org · elaboración propia,True
2026-09-21,M,42,Juan Ignacio De Pascual,AR,21,186,drive,left,padelapi.org · elaboración propia,True
2026-09-21,M,60,Juan Ignacio Rubini,AR,20,185,drive,left,padelapi.org · elaboración propia,True
2026-09-21,M,5,Juan Lebron,ES,31,184,drive,right,padelapi.org · elaboración propia,True
2026-09-21,M,21,Juanlu Esbri,ES,25,182,backhand,right,padelapi.org · elaboración propia,True
2026-09-21,M,18,Juan Tello,AR,31,185,backhand,right,padelapi.org · elaboración propia,True
2026-09-21,M,82,Juan Zamora Perez,ES,18,166,backhand,,padelapi.org · elaboración propia,True
2026-09-21,F,56,Julia Polo Bautista,ES,27,167,backhand,,padelapi.org · elaboración propia,True
2026-09-21,F,43,Julieta Evangelina Bidahorria,AR,34,178,backhand,,padelapi.org · elaboración propia,True
2026-09-21,F,44,Ksenia Sharifova,RU,30,177,backhand,,padelapi.org · elaboración propia,True
2026-09-21,F,57,Lara Arruabarrena,ES,34,165,drive,,padelapi.org · elaboración propia,True
2026-09-21,F,46,Laura Lujan Rodriguez,ES,21,167,backhand,,padelapi.org · elaboración propia,True
2026-09-21,F,49,Lea Godallier,FR,31,178,backhand,,padelapi.org · elaboración propia,True
2026-09-21,M,6,Leo Augsburger,AR,22,190,backhand,right,padelapi.org · elaboración propia,True
2026-09-21,F,39,Letizia Maria Manquillo Alarza,ES,20,167,backhand,,padelapi.org · elaboración propia,True
2026-09-21,F,28,Lorena Rufo Ortiz,ES,23,166,drive,,padelapi.org · elaboración propia,True
2026-09-21,F,76,Lorena Vano,IT,27,167,drive,,padelapi.org · elaboración propia,True
2026-09-21,M,19,Lucas Bergamini,BR,29,165,drive,right,padelapi.org · elaboración propia,True
2026-09-21,M,15,Lucas Campagnolo,BR,31,179,drive,right,padelapi.org · elaboración propia,True
2026-09-21,F,35,Lucia Martinez Gomez,ES,35,166,drive,,padelapi.org · elaboración propia,True
2026-09-21,M,74,Luciano Capra,AR,33,184,drive,left,padelapi.org · elaboración propia,True
2026-09-21,F,64,Lucia Peralta Exposito,ES,20,172,backhand,,padelapi.org · elaboración propia,True
2026-09-21,F,93,Lucia Perez Parra,ES,25,160,drive,,padelapi.org · elaboración propia,True
2026-09-21,F,24,Lucia Sainz Pelegri,ES,41,173,drive,,padelapi.org · elaboración propia,True
2026-09-21,M,42,Luis Hernandez,ES,27,176,backhand,right,padelapi.org · elaboración propia,True
2026-09-21,M,100,Manuel Aragon Herrera,ES,20,188,backhand,,padelapi.org · elaboración propia,True
2026-09-21,M,58,Manuel Castaño,ES,17,186,backhand,right,padelapi.org · elaboración propia,True
2026-09-21,F,82,Marcella Koek,NL,38,180,backhand,,padelapi.org · elaboración propia,True
2026-09-21,M,94,Marco Cassetta,IT,27,182,backhand,right,padelapi.org · elaboración propia,True
2026-09-21,M,81,Marcos Gonzalez Blanco,ES,21,180,drive,,padelapi.org · elaboración propia,True
2026-09-21,M,61,Marc Quilez,ES,30,192,backhand,right,padelapi.org · elaboración propia,True
2026-09-21,M,47,Marc Sintes Villalonga,ES,20,180,drive,right,padelapi.org · elaboración propia,True
2026-09-21,F,32,Maria Eulalia Rodriguez Abajo,ES,21,170,drive,,padelapi.org · elaboración propia,True
2026-09-21,F,83,Maria Laura Ferreyra,AR,21,165,backhand,,padelapi.org · elaboración propia,True
2026-09-21,M,50,Mariano Gonzalez,PY,18,187,backhand,right,padelapi.org · elaboración propia,True
2026-09-21,F,84,Maria Portillo Perez,ES,25,168,drive,,padelapi.org · elaboración propia,True
2026-09-21,F,15,Marina Guinart,ES,30,178,drive,,padelapi.org · elaboración propia,True
2026-09-21,F,52,Marina Lobo,ES,23,169,drive,,padelapi.org · elaboración propia,True
2026-09-21,M,65,Mario Del Castillo,ES,28,174,drive,right,padelapi.org · elaboración propia,True
2026-09-21,M,83,Mario Ortega,ES,23,175,drive,right,padelapi.org · elaboración propia,True
2026-09-21,F,65,Marta Arellano Navarro,ES,20,173,backhand,,padelapi.org · elaboración propia,True
2026-09-21,F,27,Marta Barrera De La Fuente,ES,21,169,backhand,,padelapi.org · elaboración propia,True
2026-09-21,F,53,Marta Borrero,ES,23,170,drive,,padelapi.org · elaboración propia,True
2026-09-21,F,41,Marta Caparros Maldonado,ES,25,183,drive,,padelapi.org · elaboración propia,True
2026-09-21,F,11,Marta Ortega Gallego,ES,29,170,drive,,padelapi.org · elaboración propia,True
2026-09-21,F,36,Marta Talavan,ES,31,163,drive,,padelapi.org · elaboración propia,True
2026-09-21,M,95,Martin Abud,PY,23,185,backhand,,padelapi.org · elaboración propia,True
2026-09-21,F,8,Martina Calvo Santamaria,ES,18,166,backhand,,padelapi.org · elaboración propia,True
2026-09-21,F,25,Martina Fassio Goyeneche,AR,22,165,drive,,padelapi.org · elaboración propia,True
2026-09-21,M,11,Martin Di Nenno,AR,29,175,drive,right,padelapi.org · elaboración propia,True
2026-09-21,M,25,Maximiliano Arce,AR,28,175,drive,left,padelapi.org · elaboración propia,True
2026-09-21,M,74,Maxi Sanchez,AR,39,183,backhand,right,padelapi.org · elaboración propia,True
2026-09-21,M,37,Maxi Sanchez Blasco,AR,24,186,backhand,right,padelapi.org · elaboración propia,True
2026-09-21,F,63,Melania Merino Saez,ES,27,172,drive,,padelapi.org · elaboración propia,True
2026-09-21,M,9,Miguel Yanguas,ES,24,189,drive,right,padelapi.org · elaboración propia,True
2026-09-21,M,14,Momo Gonzalez,ES,29,180,backhand,right,padelapi.org · elaboración propia,True
2026-09-21,F,74,Monica Gomez Rivas,ES,23,160,drive,,padelapi.org · elaboración propia,True
2026-09-21,M,67,Nacho Vilariño,ES,26,172,backhand,right,padelapi.org · elaboración propia,True
2026-09-21,F,73,Natividad Lopez Diaz,ES,29,160,backhand,,padelapi.org · elaboración propia,True
2026-09-21,F,72,Nerea Guerra Santana,ES,25,167,drive,,padelapi.org · elaboración propia,True
2026-09-21,F,32,Noa Canovas Paredes,ES,22,163,backhand,,padelapi.org · elaboración propia,True
2026-09-21,F,45,Noemi Aguilar Carrillo,ES,20,162,backhand,,padelapi.org · elaboración propia,True
2026-09-21,M,93,Nuno Deus,PT,31,184,backhand,right,padelapi.org · elaboración propia,True
2026-09-21,F,23,Nuria Rodriguez,ES,31,160,backhand,,padelapi.org · elaboración propia,True
2026-09-21,M,40,Pablo Garcia Rodrigo,ES,23,188,drive,right,padelapi.org · elaboración propia,True
2026-09-21,M,46,Pablo Lijo,ES,35,185,backhand,right,padelapi.org · elaboración propia,True
2026-09-21,F,21,Patricia Llaguno Zielinski,ES,41,167,backhand,,padelapi.org · elaboración propia,True
2026-09-21,F,50,Patricia Martinez Fortun,ES,24,167,drive,,padelapi.org · elaboración propia,True
2026-09-21,F,5,Paula Josemaria Martin,ES,29,160,drive,,padelapi.org · elaboración propia,True
2026-09-21,M,38,Pol Hernandez,ES,22,172,drive,right,padelapi.org · elaboración propia,True
2026-09-21,M,76,Ramiro Pereyra,AR,28,175,backhand,right,padelapi.org · elaboración propia,True
2026-09-21,M,70,Ramiro Valenzuela,AR,21,180,backhand,right,padelapi.org · elaboración propia,True
2026-09-21,F,22,Raquel Eugenio Barrera,ES,18,170,backhand,,padelapi.org · elaboración propia,True
2026-09-21,F,75,Raquel Piltcher,BR,35,165,drive,,padelapi.org · elaboración propia,True
2026-09-21,F,87,Rebeca Lopez Lopez,ES,25,157,drive,,padelapi.org · elaboración propia,True
2026-09-21,F,67,Sandra Bellver Fructuoso,ES,34,167,backhand,,padelapi.org · elaboración propia,True
2026-09-21,M,90,Santiago Jose Pineda Cabello,ES,19,181,drive,,padelapi.org · elaboración propia,True
2026-09-21,M,27,Sanyo Gutierrez,AR,42,177,drive,right,padelapi.org · elaboración propia,True
2026-09-21,F,9,Sofia Araujo,PT,31,172,backhand,,padelapi.org · elaboración propia,True
2026-09-21,F,40,Sofia Saiz Vallejo,ES,23,172,backhand,,padelapi.org · elaboración propia,True
2026-09-21,F,12,Tamara Icardo Alcorisa,ES,30,178,backhand,,padelapi.org · elaboración propia,True
2026-09-21,M,96,Teodoro Zapata,ES,31,178,backhand,right,padelapi.org · elaboración propia,True
2026-09-21,F,48,Teresa Navarro Lopez-Barajas,ES,37,170,backhand,,padelapi.org · elaboración propia,True
2026-09-21,M,35,Tino Libaak,AR,21,184,drive,right,padelapi.org · elaboración propia,True
2026-09-21,M,33,Tolito Aguirre,AR,28,180,drive,right,padelapi.org · elaboración propia,True
2026-09-21,F,16,Veronica Virseda,ES,34,170,backhand,,padelapi.org · elaboración propia,True
2026-09-21,F,20,Victoria Iglesias Segador,ES,32,176,backhand,,padelapi.org · elaboración propia,True
2026-09-21,F,62,Victoria Kurz,DE,26,168,drive,,padelapi.org · elaboración propia,True
2026-09-21,M,53,Victor Ruiz,ES,37,179,backhand,right,padelapi.org · elaboración propia,True
2026-09-21,F,47,Virginia Riera,AR,37,165,backhand,,padelapi.org · elaboración propia,True
2026-09-21,F,98,Xenia Clasca Vidiella,ES,24,169,backhand,,padelapi.org · elaboración propia,True
