fecha_dato,circuito,sexo,jugador_id,jugador_nombre,posicion,posicion_diff_semana,puntos,puntos_diff_semana,fuente_txt,publicable
2026-09-28,Premier Padel,M,J7c0fe7ccc6,Ramiro Pereyra,66,10.0,940,75.0,FIP / Premier Padel · elaboración propia,True
2026-09-28,Premier Padel,M,Je0b951c9ea,Alvaro Montiel Caruso,56,7.0,1077,63.0,FIP / Premier Padel · elaboración propia,True
2026-09-28,Premier Padel,M,J4578eef982,Teodoro Zapata,100,-4.0,636,-33.0,FIP / Premier Padel · elaboración propia,True
2026-09-28,Premier Padel,M,Jd7c862dfb3,Jose Solano Marmolejo,88,3.0,773,41.0,FIP / Premier Padel · elaboración propia,True
2026-09-28,Premier Padel,M,J9bdafce445,Manuel Castaño,61,-3.0,1057,3.0,FIP / Premier Padel · elaboración propia,True
2026-09-28,Premier Padel,M,Jc7c102b375,Gonzalo Rubio,59,-3.0,1059,-18.0,FIP / Premier Padel · elaboración propia,True
2026-09-28,Premier Padel,M,J0ce7daf580,Facundo Dominguez,83,3.0,817,16.0,FIP / Premier Padel · elaboración propia,True
2026-09-28,Premier Padel,M,Je644dc7be9,Juan Ignacio Rubini,57,3.0,1073,26.0,FIP / Premier Padel · elaboración propia,True
2026-09-28,Premier Padel,M,Je895a77453,Luciano Capra,77,-3.0,831,-35.0,FIP / Premier Padel · elaboración propia,True
2026-09-28,Premier Padel,M,J30dcba36de,Javier Martinez,51,-3.0,1170,-67.0,FIP / Premier Padel · elaboración propia,True
2026-09-28,Premier Padel,M,J5e722c78e0,Marcos Gonzalez Blanco,79,2.0,829,11.0,FIP / Premier Padel · elaboración propia,True
2026-09-28,Premier Padel,M,Ja7ef7fd3cc,Daniel Santigosa,52,2.0,1147,23.0,FIP / Premier Padel · elaboración propia,True
2026-09-28,Premier Padel,M,Ja250815150,Manuel Aragon Herrera,98,2.0,647,9.0,FIP / Premier Padel · elaboración propia,True
2026-09-28,Premier Padel,M,Jcbe108be01,Mario Del Castillo,67,-2.0,939,-46.0,FIP / Premier Padel · elaboración propia,True
2026-09-28,Premier Padel,M,J4c1c3082f8,Victor Ruiz,55,-2.0,1099,-26.0,FIP / Premier Padel · elaboración propia,True
2026-09-28,Premier Padel,M,J5381924fed,Nuno Deus,95,-2.0,672,-26.0,FIP / Premier Padel · elaboración propia,True
2026-09-28,Premier Padel,M,J8d31c4614f,Andres Fdz Lancha,75,-2.0,881,0.0,FIP / Premier Padel · elaboración propia,True
2026-09-28,Premier Padel,M,Je4f541002b,Francisco Guerrero,11,2.0,5068,204.0,FIP / Premier Padel · elaboración propia,True
2026-09-28,Premier Padel,M,Jd6a5776124,Federico Mouriño,59,-2.0,1059,-2.0,FIP / Premier Padel · elaboración propia,True
2026-09-28,Premier Padel,M,Jee49394d53,Mariano Gonzalez,48,2.0,1200,0.0,FIP / Premier Padel · elaboración propia,True
2026-09-28,Premier Padel,M,Jc86618f5bb,Jorge Nieto,13,-1.0,4746,-161.0,FIP / Premier Padel · elaboración propia,True
2026-09-28,Premier Padel,M,J5dfae7a361,Javier Leal,15,1.0,3699,207.0,FIP / Premier Padel · elaboración propia,True
2026-09-28,Premier Padel,M,J139c18aa02,Tolito Aguirre,32,1.0,2094,-3.0,FIP / Premier Padel · elaboración propia,True
2026-09-28,Premier Padel,M,J3ca24067a4,Lucas Campagnolo,16,-1.0,3543,34.0,FIP / Premier Padel · elaboración propia,True
2026-09-28,Premier Padel,M,J8bb6ff51a3,Francisco Gil,63,-1.0,1017,-6.0,FIP / Premier Padel · elaboración propia,True
2026-09-28,Premier Padel,M,J9adcca9518,Diego Garcia Garcia,77,1.0,831,-2.0,FIP / Premier Padel · elaboración propia,True
2026-09-28,Premier Padel,M,J6782a906c4,Agustin Torre,85,-1.0,803,-3.0,FIP / Premier Padel · elaboración propia,True
2026-09-28,Premier Padel,M,J7d9773b689,Denis Tomas Perino,72,-1.0,896,-2.0,FIP / Premier Padel · elaboración propia,True
2026-09-28,Premier Padel,M,J4f83800edd,Ignacio Piotto,53,-1.0,1128,-6.0,FIP / Premier Padel · elaboración propia,True
2026-09-28,Premier Padel,M,J484fdbbb80,Ignacio Sager,89,-1.0,743,-3.0,FIP / Premier Padel · elaboración propia,True
2026-09-28,Premier Padel,M,J70f2211226,Luis Hernandez,43,-1.0,1378,-3.0,FIP / Premier Padel · elaboración propia,True
2026-09-28,Premier Padel,M,Jd3cc94257a,Jose Luis Gonzalez,69,-1.0,922,-1.0,FIP / Premier Padel · elaboración propia,True
2026-09-28,Premier Padel,M,Je31d540de7,Enrique Goenaga,54,1.0,1103,1.0,FIP / Premier Padel · elaboración propia,True
2026-09-28,Premier Padel,M,J779324a6f0,Antonio Fernandez,58,1.0,1065,16.0,FIP / Premier Padel · elaboración propia,True
2026-09-28,Premier Padel,M,J0f2f57e2e9,Aimar Goñi,33,-1.0,2090,-55.0,FIP / Premier Padel · elaboración propia,True
2026-09-28,Premier Padel,M,Jfe61a3b0ad,Juan Cruz Belluati,86,-1.0,783,-19.0,FIP / Premier Padel · elaboración propia,True
2026-09-28,Premier Padel,M,J6015336fcb,Marco Cassetta,93,1.0,681,-1.0,FIP / Premier Padel · elaboración propia,True
2026-09-28,Premier Padel,M,J864f354a52,Martin Di Nenno,12,-1.0,5006,-13.0,FIP / Premier Padel · elaboración propia,True
2026-09-28,Premier Padel,M,J0260addac2,Flavio Abbate,50,1.0,1176,10.0,FIP / Premier Padel · elaboración propia,True
2026-09-28,Premier Padel,M,J497ef36d2c,Emilio Sanchez,76,1.0,854,-3.0,FIP / Premier Padel · elaboración propia,True
2026-09-28,Premier Padel,M,Jdb188d98e2,Marc Quilez,62,-1.0,1036,-3.0,FIP / Premier Padel · elaboración propia,True
2026-09-28,Premier Padel,M,J7797c1334f,Javier Valdes,96,1.0,665,-3.0,FIP / Premier Padel · elaboración propia,True
2026-09-28,Premier Padel,M,J2cd187e76c,Ramiro Valenzuela,71,-1.0,907,-3.0,FIP / Premier Padel · elaboración propia,True
2026-09-28,Premier Padel,M,J985488a13e,Álvaro Melendez Amaya,80,-1.0,824,-2.0,FIP / Premier Padel · elaboración propia,True
2026-09-28,Premier Padel,M,J94fe77006a,Nacho Vilariño,68,-1.0,938,-2.0,FIP / Premier Padel · elaboración propia,True
2026-09-28,Premier Padel,M,J01fc387bb2,Clement Geens,70,-1.0,911,-4.0,FIP / Premier Padel · elaboración propia,True
2026-09-28,Premier Padel,M,Jb261430dc0,Jaume Romera Barcelo,100,1.0,636,0.0,FIP / Premier Padel · elaboración propia,True
2026-09-28,Premier Padel,M,J59240cdf7c,Arnau Ayats,97,1.0,659,-3.0,FIP / Premier Padel · elaboración propia,True
2026-09-28,Premier Padel,M,Jb6d38e9a09,Santiago Jose Pineda Cabello,91,-1.0,729,-4.0,FIP / Premier Padel · elaboración propia,True
2026-09-28,Premier Padel,M,J7ca1fe633f,Dylan Guichard,73,-1.0,894,7.0,FIP / Premier Padel · elaboración propia,True
2026-09-28,Premier Padel,M,J9676d11617,Albert Roglan Pons,90,-1.0,737,3.0,FIP / Premier Padel · elaboración propia,True
2026-09-28,Premier Padel,M,Jab638f0fb7,Martin Abud,94,1.0,678,0.0,FIP / Premier Padel · elaboración propia,True
2026-09-28,Premier Padel,M,J672acea693,Mario Ortega,84,-1.0,814,7.0,FIP / Premier Padel · elaboración propia,True
