fecha,torneo_nombre,categoria,ronda,equipo_ganador,semilla_ganador,equipo_perdedor,semilla_perdedor,diferencia_semillas,marcador_txt,fuente_txt,publicable
2026-09-03,Madrid P1 2026,men,Round of 16,Jose Jimenez / Alejandro Arroyo,14,Jon Sanz / Franco Stupaczuk,4,10,"6(6)-7, 4-6",padelapi.org · elaboración propia,True
2026-05-14,Buenos Aires P1 2026,men,Round of 16,Javier Garcia / Jose Jimenez,15,Momo Gonzalez / Martin Di Nenno,7,8,"4-6, 4-6",padelapi.org · elaboración propia,True
2026-07-30,Pretoria P1 2026,men,Round of 16,Javier Garcia / Alex Ruiz,12,Martin Di Nenno / Francisco Navarro,5,7,"6(3)-7, 6-4, 6-3",padelapi.org · elaboración propia,True
2026-09-03,Madrid P1 2026,men,Round of 16,Inigo Jofre / Jairo Bautista,15,Momo Gonzalez / Lucas Campagnolo,8,7,"7-5, 6-3",padelapi.org · elaboración propia,True
2026-09-10,Paris Major 2026,men,Round of 16,Edu Alonso / Aimar Goñi,12,Miguel Yanguas / Jorge Nieto,5,7,"4-6, 3-6",padelapi.org · elaboración propia,True
2026-03-29,FIP Silver Kalat,men,Finals,Victor Mena / Marcos Gonzalez Blanco,8,Javier Ruiz / Gonzalo Rubio,1,7,"2-6, 7-5, 6-7",padelapi.org · elaboración propia,True
2026-06-20,FIP Silver Narbona,men,Quarter,Benjamin Tison / Ferran Insa Sotillo,8,Juan Ignacio Rubini / Maxi Sanchez,1,7,"4-6, 2-6",padelapi.org · elaboración propia,True
2026-08-16,FIP Silver Bali Island Sports,women,Semifinals,Jimena Diaz De La Iglesia / Alba Vazquez Gracia,8,Virginia Riera / Zahra Kahrizi,1,7,"3-6, 5-7",padelapi.org · elaboración propia,True
2026-06-04,Italy Major 2026,men,Round of 16,Momo Gonzalez / Lucas Campagnolo,9,Miguel Yanguas / Franco Stupaczuk,3,6,"6-4, 7-6(3)",padelapi.org · elaboración propia,True
2026-06-11,Valencia P1 2026,men,Round of 16,Juan Tello / Maximiliano Arce,14,Lucas Bergamini / Javier Garrido,8,6,"6(5)-7, 6-3, 6(3)-7",padelapi.org · elaboración propia,True
2026-07-16,Málaga P1 2026,men,Round of 16,Edu Alonso / Aimar Goñi,11,Jorge Nieto / Jon Sanz,5,6,"6-3, 3-6, 6-3",padelapi.org · elaboración propia,True
2026-08-01,Pretoria P1 2026,men,Semifinals,Javier Leal / Francisco Guerrero,7,Arturo Coello / Agustin Tapia,1,6,"5-7, 5-7",padelapi.org · elaboración propia,True
2026-04-11,FIP Silver Mumbai,men,Round of 16,Thijs Roper / Willy Släryd,8,Omar Sumar / Manav Sreekumar,2,6,"6-0, 6-0",padelapi.org · elaboración propia,True
2026-04-26,FIP Silver Mediolanum Padel Cup Bari,men,Semifinals,Manuel Aragon Herrera / Nacho Moragues Moltò,9,Maxi Sanchez / Juan Ignacio Rubini,3,6,"6-3, 7-5",padelapi.org · elaboración propia,True
2026-06-13,FIP Silver Mediolanum Padel Cup,men,Quarter,Matteo Platania / Matteo Sargolini,9,Pedro Melendez Amaya / Marco Cassetta,3,6,"2-6, 6-3, 6-4",padelapi.org · elaboración propia,True
2026-07-19,FIP Silver Hiscox Padel Irish Open Dublin,women,Semifinals,Catherine Rose / Aimee Gibson,8,Ana Dominguez Gracia / Aida Martinez Sanjuan,2,6,"6-4, 6-4",padelapi.org · elaboración propia,True
2026-07-25,FIP Silver Mimosa Open Porto,women,Quarter,Aimee Gibson / Catherine Rose,8,Noemi Aguilar Carrillo / Letizia Maria Manquillo Alarza,2,6,"4-6, 6-2, 6-2",padelapi.org · elaboración propia,True
2026-08-29,FIP Silver Mc Allen Texas,men,Quarter,Vinny Nahuel Di Francesco / Ivo Andenmatten Gudiño,8,Agustin Torre / Diego Arredondo Garcia,2,6,"7-6, 7-5",padelapi.org · elaboración propia,True
2026-09-04,FIP Silver Cordoba,women,Semifinals,Martina Vera Cebollero / Paula Ferrán,9,Marta Arellano Navarro / Marina Lobo,3,6,"7-5, 6-7, 7-6",padelapi.org · elaboración propia,True
2026-09-11,FIP Silver San Luis,men,Quarter,Matias Emiliano Gutierrez C. / Nicolas Crosio,7,Juan Pablo Dametto / Luciano Puppo,1,6,"6-2, 2-6, 6-7",padelapi.org · elaboración propia,True
2026-09-12,FIP Silver Padel Copa Utrecht 2026,women,Quarter,Elyne Boeykens / Justine Pysson,8,Catherine Rose / Rebeca Lopez Lopez,2,6,"6-7, 6-2, 6-4",padelapi.org · elaboración propia,True
2026-04-25,FIP Silver Mediolanum Padel Cup Bari,men,Quarter,Jose Luis Gonzalez / Marco Cassetta,6,Facundo Dominguez / Javier Ruiz,1,5,"2-6, 4-6",padelapi.org · elaboración propia,True
2026-06-27,FIP Silver Giulianova,women,Quarter,Lucia Peralta Exposito / Maria Laura Ferreyra,6,Noemi Aguilar Carrillo / Letizia Maria Manquillo Alarza,1,5,"6-3, 1-6, 4-6",padelapi.org · elaboración propia,True
2026-07-11,FIP Silver Koksijde,women,Quarter,Elyne Boeykens / Justine Pysson,7,Patricia Araus Lopez / Bo Luttikhuis,2,5,"7-6, 2-6, 6-4",padelapi.org · elaboración propia,True
2026-08-02,FIP Silver Rathbones Island Padel,men,Semifinals,Marco Cassetta / Fabian Oviedo Berazategui,6,Gonzalo Rubio / Andres Fdz Lancha,1,5,"4-6, 6-7",padelapi.org · elaboración propia,True
2026-08-15,FIP Silver Bali Island Sports,women,Quarter,Jimena Diaz De La Iglesia / Alba Vazquez Gracia,8,Victoria Kurz / Anastasiia Ryzhova,3,5,"7-5, 6-2",padelapi.org · elaboración propia,True
2026-08-29,FIP Silver Mc Allen Texas,men,Semifinals,Ivo Andenmatten Gudiño / Vinny Nahuel Di Francesco,8,Miguel Morales Domenech / Borja Trujillo Chang,3,5,"3-6, 4-6",padelapi.org · elaboración propia,True
2026-09-13,FIP Silver Padel Copa Utrecht 2026,women,Semifinals,Justine Pysson / Elyne Boeykens,8,Raquel Piltcher / Christina-Styliani Ntanou,3,5,"1-6, 6-7",padelapi.org · elaboración propia,True
2026-09-12,FIP Silver Padel Copa Utrecht 2026,men,Quarter,Joao Maria Caiano / Thijs Roper,7,Ignacio Archieri / Pablo Sanchez Vicente,2,5,"7-5, 6-2",padelapi.org · elaboración propia,True
2026-09-20,FIP Silver Nairobi B-active,men,Semifinals,Jaume Romera Barcelo / Adrian Naranjo Martinez,6,Antonio Fernandez / Mario Del Castillo,1,5,"2-6, 6-4, 3-6",padelapi.org · elaboración propia,True
2026-09-19,FIP Silver High Velocity Bangkok,men,Quarter,Alvaro Lopez Luque / Hector Vazquez Lopez,8,Miguel Gonzalez / Jose Solano Marmolejo,3,5,"6-3, 7-5",padelapi.org · elaboración propia,True
2026-06-12,Valencia P1 2026,women,Quarter,Martina Calvo Santamaria / Marta Ortega Gallego,6,Beatriz Gonzalez Fernandez / Paula Josemaria Martin,2,4,"7-5, 7-6(1)",padelapi.org · elaboración propia,True
2026-07-05,Bordeaux P2 2026,women,Finals,Tamara Icardo Alcorisa / Claudia Jensen,5,Gemma Triay Pons / Delfina Brea Senesi,1,4,"6-3, 1-6, 1-6",padelapi.org · elaboración propia,True
2026-07-31,Pretoria P1 2026,men,Quarter,Francisco Guerrero / Javier Leal,7,Leo Augsburger / Juan Lebron,3,4,"6(2)-7, 7-5, 7-6(11)",padelapi.org · elaboración propia,True
2026-09-04,Madrid P1 2026,men,Quarter,Jorge Nieto / Miguel Yanguas,5,Agustin Tapia / Arturo Coello,1,4,"5-7, 6(5)-7",padelapi.org · elaboración propia,True
2026-04-25,FIP Silver Kuala Lumpur,men,Quarter,Pepe Aliaga / Pau Miñano Ortinez,8,Alvaro Cepero / Adrian Allemandi,4,4,"6-4, 6-1",padelapi.org · elaboración propia,True
2026-04-25,FIP Silver Kuala Lumpur,women,Quarter,Jimena Diaz De La Iglesia / Alba Vazquez Gracia,8,Camila Ramme Coellar / Catarina Santos Domingos,4,4,"3-6, 3-6",padelapi.org · elaboración propia,True
2026-05-02,FIP Silver Leiria Master Padel,men,Quarter,Nuno Deus / Pedro Perry,8,Aris Patiniotis / Javier Martinez,4,4,"4-6, 6-4, 1-6",padelapi.org · elaboración propia,True
2026-05-02,FIP Silver Leiria Master Padel,men,Semifinals,Enzo Jensen / Luis Hernandez,5,Javier Barahona / Gonzalo Alfonso,1,4,"2-6, 5-7",padelapi.org · elaboración propia,True
2026-05-30,FIP Silver Hoganas,men,Quarter,Thijs Roper / Willy Släryd,8,Alejandro Merino Nieto / Guillermo Fernandez Sanchez,4,4,"1-6, 2-6",padelapi.org · elaboración propia,True
2026-07-04,FIP Silver R3 Bull Padel Cup,men,Quarter,Daniel Windahl / Simon Vasquez,5,Boris Castro Garcia / Pau Miñano Ortinez,1,4,"4-6, 6-7",padelapi.org · elaboración propia,True
2026-07-18,FIP Silver Hiscox Padel Irish Open Dublin,women,Quarter,Catherine Rose / Aimee Gibson,8,Rebeca Lopez Lopez / Blanca Arriola Cerrejon,4,4,"2-6, 3-6",padelapi.org · elaboración propia,True
2026-07-25,FIP Silver Mimosa Open Porto,men,Quarter,Ramiro Pereyra / Juan Zamora Perez,5,Jose Jimenez / Alejandro Arroyo,1,4,"6-7, 6-4, 6-7",padelapi.org · elaboración propia,True
2026-07-25,FIP Silver Mimosa Open Porto,women,Quarter,Ana Catarina Nogueira / Camila Fassio Goyeneche,5,Virginia Riera / Teresa Navarro Lopez-Barajas,1,4,"3-6, 1-6",padelapi.org · elaboración propia,True
2026-09-19,FIP Silver Guimaraes,men,Quarter,Aris Patiniotis / Diego Garcia Garcia,5,Enrique Goenaga / Guillermo Collado,1,4,"6-7, 6-4, 6-7",padelapi.org · elaboración propia,True
2026-09-19,FIP Silver Budapest Open II,men,Quarter,Nacho Moragues Moltò / Timeo Fonteny,6,Javier Barahona / Marc Sintes Villalonga,2,4,"6-7, 6-4, 6-4",padelapi.org · elaboración propia,True
2026-05-08,FIP Silver Vila Real De Santo Antonio,men,Quarter,Pedro Araujo / Pedro Graca,6,Javier Martinez / Aris Patiniotis,2,4,"6-7, 6-4, 7-5",padelapi.org · elaboración propia,True
2026-06-14,FIP Gold Shanghai,men,Finals,Facundo Rodrigo Luis Lopez / Julian Lacamoire,5,Arnau Ayats / Denis Tomas Perino,1,4,"2-6, 4-6",padelapi.org · elaboración propia,True
2026-04-26,Brussels P2 2026,men,Finals,Juan Lebron / Leo Augsburger,4,Arturo Coello / Agustin Tapia,1,3,"6-2, 3-6, 3-6",padelapi.org · elaboración propia,True
2026-06-05,Italy Major 2026,men,Quarter,Momo Gonzalez / Lucas Campagnolo,9,Martin Di Nenno / Francisco Navarro,6,3,"3-6, 3-6",padelapi.org · elaboración propia,True
2026-06-26,Valladolid P2 2026,men,Quarter,Javier Leal / Francisco Guerrero,7,Franco Stupaczuk / Miguel Yanguas,4,3,"6(0)-7, 4-6",padelapi.org · elaboración propia,True
2026-07-04,Bordeaux P2 2026,women,Semifinals,Tamara Icardo Alcorisa / Claudia Jensen,5,Paula Josemaria Martin / Beatriz Gonzalez Fernandez,2,3,"6-4, 6-3",padelapi.org · elaboración propia,True
2026-07-03,Bordeaux P2 2026,men,Quarter,Martin Di Nenno / Francisco Navarro,6,Juan Lebron / Leo Augsburger,3,3,"6-3, 7-5",padelapi.org · elaboración propia,True
2026-07-31,Pretoria P1 2026,women,Quarter,Alejandra Salazar Bengoechea / Aranzazu Osoro Ulrich,8,Sofia Araujo / Marta Ortega Gallego,5,3,"7-6(2), 6-2",padelapi.org · elaboración propia,True
2026-08-09,London P1 2026,women,Finals,Claudia Fernandez Sanchez / Martina Calvo Santamaria,4,Gemma Triay Pons / Delfina Brea Senesi,1,3,"5-7, 3-6",padelapi.org · elaboración propia,True
2026-09-12,Paris Major 2026,women,Semifinals,Claudia Fernandez Sanchez / Martina Calvo Santamaria,4,Gemma Triay Pons / Delfina Brea Senesi,1,3,"4-6, 2-6",padelapi.org · elaboración propia,True
2026-09-11,Paris Major 2026,women,Quarter,Marta Ortega Gallego / Sofia Araujo,5,Paula Josemaria Martin / Beatriz Gonzalez Fernandez,2,3,"2-6, 7-6(4), 7-6(6)",padelapi.org · elaboración propia,True
2026-06-20,FIP Platinum Lusitania Portugal Master Padel,women,Semifinals,Patricia Llaguno Zielinski / Carolina Orsi,5,Beatriz Caldera Sanchez / Carmen Goenaga Garcia,2,3,"6-2, 6(1)-7, 6-1",padelapi.org · elaboración propia,True
2026-06-19,FIP Platinum Lusitania Portugal Master Padel,men,Quarter,Jairo Bautista / Inigo Jofre,5,Edu Alonso / Aimar Goñi,2,3,"6(5)-7, 7-6(3), 7-6(3)",padelapi.org · elaboración propia,True
2026-09-11,FIP Gold Bucharest,men,Quarter,Manuel Aragon Herrera / Albert Roglan Pons,5,Francisco Gil / Pablo Lijo,2,3,"5-7, 6-4, 7-6",padelapi.org · elaboración propia,True
2026-04-12,FIP Silver Mumbai,men,Semifinals,Rodrigo Coello Manso / Alfonso Sanchez Arriaga,5,Gonzalo Rubio / Francisco Jurado Sosa,2,3,"7-6, 6-3",padelapi.org · elaboración propia,True
2026-05-03,FIP Silver Leiria Master Padel,men,Finals,Enzo Jensen / Luis Hernandez,5,Jose Antonio Diestro / Maxi Sanchez Blasco,2,3,"6-4, 6-3",padelapi.org · elaboración propia,True
2026-05-16,FIP Silver Timisoara,men,Quarter,Alvaro Lopez Luque / Filippo Nicocia,9,Alejandro Merino Nieto / Guillermo Fernandez Sanchez,6,3,"7-6, 6-4",padelapi.org · elaboración propia,True
2026-05-16,FIP Silver Timisoara,men,Quarter,Manuel Aragon Herrera / Albert Roglan Pons,5,Álvaro Melendez Amaya / Pedro Melendez Amaya,2,3,"7-5, 6-3",padelapi.org · elaboración propia,True
2026-05-24,FIP Silver Oeiras,women,Semifinals,Marta Talavan / Sofia Saiz Vallejo,4,Victoria Iglesias Segador / Aranzazu Osoro Ulrich,1,3,"6-2, 5-7, 3-6",padelapi.org · elaboración propia,True
2026-06-14,FIP Silver Mediolanum Padel Cup,men,Finals,Dylan Guichard / Clement Geens,4,Antonio Fernandez / Adrian Marques Berdonce,1,3,"3-6, 6-7",padelapi.org · elaboración propia,True
2026-06-27,FIP Silver Giulianova,women,Quarter,Carmen Castillon Gamez / Maria Portillo Perez,7,Victoria Kurz / Natividad Lopez Diaz,4,3,"7-5, 6-7, 7-5",padelapi.org · elaboración propia,True
2026-07-05,FIP Silver R3 Bull Padel Cup,men,Finals,Daniel Windahl / Simon Vasquez,5,Sten Richters / Albin Olsson,2,3,"6-4, 6-3",padelapi.org · elaboración propia,True
2026-07-12,FIP Silver Koksijde,women,Semifinals,Emily Stellato / Giulia Sussarello,4,Letizia Maria Manquillo Alarza / Maria Teresa Moriñigo Gomez,1,3,"2-6, 6-0, 5-7",padelapi.org · elaboración propia,True
2026-07-18,FIP Silver Hiscox Padel Irish Open Dublin,women,Quarter,Anna Cortiles / Sandra Bellver Fructuoso,6,Alba Perez Momha / Alba Gallardo Salvado,3,3,"7-5, 4-6, 6-4",padelapi.org · elaboración propia,True
2026-08-29,FIP Silver Westerbork,men,Quarter,Eugenia Guimet Bigas / Aimee Gibson,5,Ana Varo Ramos / Marcella Koek,2,3,"7-6, 2-6, 7-5",padelapi.org · elaboración propia,True
2026-08-29,FIP Silver Westerbork,women,Quarter,Eugenia Guimet Bigas / Aimee Gibson,5,Marcella Koek / Ana Varo Ramos,2,3,"7-6, 2-6, 7-5",padelapi.org · elaboración propia,True
2026-09-05,FIP Silver Cordoba,men,Finals,Felipe Calleja / Jaume Romera Barcelo,4,Pablo Garcia / Tolito Aguirre,1,3,"6-7, 6-4, 6-7",padelapi.org · elaboración propia,True
2026-09-12,FIP Silver Lisboa Racket Centre By Ava Cr7,women,Semifinals,Giorgia Rosi / Paula Ferrán,5,Maria Teresa Moriñigo Gomez / Blanca Arriola Cerrejon,2,3,"6-1, 6-4",padelapi.org · elaboración propia,True
2026-09-11,FIP Silver Lisboa Racket Centre By Ava Cr7,men,Quarter,Jose Rico / Juan Cruz Forastello,6,Jaume Romera Barcelo / Pedro Perry,3,3,"7-6, 7-6",padelapi.org · elaboración propia,True
2026-09-13,FIP Silver Padel Copa Utrecht 2026,men,Semifinals,Thijs Roper / Joao Maria Caiano,7,Christian Medina Murphy / Alberto Garcia Jimenez,4,3,"6-7, 6-3, 3-6",padelapi.org · elaboración propia,True
2026-09-13,FIP Silver Padel Copa Utrecht 2026,women,Finals,Justine Pysson / Elyne Boeykens,8,Stephanie Weterings / Liza Groenveld,5,3,"4-6, 5-7",padelapi.org · elaboración propia,True
2026-09-20,FIP Silver Nairobi B-active,men,Finals,Jaume Romera Barcelo / Adrian Naranjo Martinez,6,Santiago Jose Pineda Cabello / Marcos Gonzalez Blanco,3,3,"7-5, 6-2",padelapi.org · elaboración propia,True
2026-09-19,FIP Silver Nairobi B-active,men,Quarter,Adrian Ronco Lopez / Guillem Figuerola Santiago,5,Alvaro Cepero / Pepe Aliaga,2,3,"6-2, 6-3",padelapi.org · elaboración propia,True
2026-09-20,FIP Silver High Velocity Bangkok,women,Semifinals,Elsa Terranova / Angelina Neizvestnaya,4,Barbara Las Heras / Daria Kucheriavaia,1,3,"6-3, 2-6, 2-6",padelapi.org · elaboración propia,True
2026-06-13,FIP Gold Shanghai,men,Quarter,Facundo Rodrigo Luis Lopez / Julian Lacamoire,5,Anton Sans / Gustavo Nunes,2,3,"6-3, 6-1",padelapi.org · elaboración propia,True
