fecha_dato,geo,pais,clasificacion,ratio_padel_tenis_reciente,ratio_padel_tenis_anterior,variacion_pct,meses_con_dato,fuente_txt,publicable
2026-09-01,CN,China,emerging,3.66,1.5,144.0,13,"Google Trends (pytrends, no oficial) · elaboración propia",True
2026-09-01,ZA,Sudáfrica,growing,88.5,42.24,109.5,13,"Google Trends (pytrends, no oficial) · elaboración propia",True
2026-09-01,DE,Alemania,hotspot,11.61,7.95,46.0,13,"Google Trends (pytrends, no oficial) · elaboración propia",True
2026-09-01,IE,Irlanda,hotspot,6.18,4.76,29.8,13,"Google Trends (pytrends, no oficial) · elaboración propia",True
2026-09-01,MA,Marruecos,growing,9.12,7.24,26.0,13,"Google Trends (pytrends, no oficial) · elaboración propia",True
2026-09-01,PL,Polonia,diamonds_in_the_rough,0.21,0.17,23.5,13,"Google Trends (pytrends, no oficial) · elaboración propia",True
2026-09-01,AU,Australia,diamonds_in_the_rough,5.28,4.46,18.4,13,"Google Trends (pytrends, no oficial) · elaboración propia",True
2026-09-01,CH,Suiza,growing,5.52,4.73,16.7,13,"Google Trends (pytrends, no oficial) · elaboración propia",True
2026-09-01,IN,India,diamonds_in_the_rough,2.31,2.03,13.8,13,"Google Trends (pytrends, no oficial) · elaboración propia",True
2026-09-01,GB,Reino Unido,hotspot,14.32,13.34,7.3,13,"Google Trends (pytrends, no oficial) · elaboración propia",True
2026-09-01,TH,Tailandia,growing,14.56,14.34,1.5,13,"Google Trends (pytrends, no oficial) · elaboración propia",True
2026-09-01,BR,Brasil,diamonds_in_the_rough,0.02,0.02,0.0,13,"Google Trends (pytrends, no oficial) · elaboración propia",True
2026-09-01,PT,Portugal,growing,0.62,0.65,-4.6,13,"Google Trends (pytrends, no oficial) · elaboración propia",True
2026-09-01,CO,Colombia,emerging,0.09,0.1,-10.0,13,"Google Trends (pytrends, no oficial) · elaboración propia",True
2026-09-01,ID,Indonesia,diamonds_in_the_rough,3.13,3.48,-10.1,13,"Google Trends (pytrends, no oficial) · elaboración propia",True
2026-09-01,IL,Israel,growing,5.7,6.35,-10.2,13,"Google Trends (pytrends, no oficial) · elaboración propia",True
2026-09-01,MX,México,growing,0.05,0.06,-16.7,13,"Google Trends (pytrends, no oficial) · elaboración propia",True
2026-09-01,US,Estados Unidos,diamonds_in_the_rough,0.54,0.73,-26.0,13,"Google Trends (pytrends, no oficial) · elaboración propia",True
2026-09-01,SN,Senegal,emerging,12.21,,,13,"Google Trends (pytrends, no oficial) · elaboración propia",True
